student_id,age,attendance,avg_grade,assignment_completion,engagement_score,participation_score,study_hours,previous_failures,absences,family_support,extracurricular,dropout
ST1000,16,57.4,47.9,60.5,43.2,31.2,3.1,3,13,2,0,1
ST1001,22,72.5,70.3,61.7,71.6,53.9,12.9,0,11,1,1,0
ST1002,21,84.6,85.6,68.0,75.1,68.3,11.4,1,1,2,0,1
ST1003,19,100.0,100.0,100.0,100.0,80.3,23.6,0,0,3,1,0
ST1004,19,99.7,100.0,100.0,85.8,79.3,16.6,0,0,2,1,0
ST1005,22,61.4,72.6,66.9,68.4,73.9,12.8,0,17,2,1,1
ST1006,16,88.4,92.8,100.0,94.1,87.6,16.1,0,5,2,0,0
ST1007,21,71.3,49.0,67.7,70.8,56.4,5.4,2,6,2,1,0
ST1008,17,53.0,32.7,48.9,43.6,36.0,9.5,5,15,3,1,1
ST1009,16,100.0,95.8,100.0,79.9,93.8,16.6,0,3,5,0,0
ST1010,20,78.7,98.2,89.0,84.2,82.9,17.6,0,4,3,1,0
ST1011,23,76.5,69.8,68.9,56.5,57.6,9.9,0,8,3,0,0
ST1012,21,58.1,54.3,73.1,38.2,45.9,3.7,2,15,4,1,1
ST1013,22,85.1,97.7,100.0,100.0,89.3,16.1,0,4,3,0,0
ST1014,21,73.4,80.4,83.6,52.4,83.4,6.2,0,17,5,1,0
ST1015,22,47.7,37.8,52.4,19.4,51.2,3.3,3,17,3,1,1
ST1016,20,100.0,100.0,99.1,92.6,100.0,18.2,0,1,2,1,0
ST1017,17,84.4,89.6,100.0,96.4,79.2,21.3,0,3,3,0,0
ST1018,22,82.7,73.4,78.9,83.5,68.2,10.3,1,8,4,0,0
ST1019,19,84.4,71.6,91.9,83.2,72.7,12.6,0,8,2,0,0
ST1020,20,62.0,75.3,48.2,68.3,55.0,5.6,0,12,2,0,0
ST1021,18,68.6,73.3,54.1,48.4,53.5,15.2,3,11,3,1,1
ST1022,17,100.0,100.0,100.0,100.0,100.0,17.4,0,0,5,1,0
ST1023,23,68.4,72.3,62.3,58.1,70.5,11.4,2,8,2,1,1
ST1024,22,92.4,88.9,71.6,88.8,72.7,17.5,0,6,3,1,0
ST1025,21,52.3,63.5,61.2,34.2,57.2,5.8,3,15,4,0,1
ST1026,19,85.6,70.8,100.0,80.6,79.2,10.7,0,0,4,1,0
ST1027,22,90.3,81.9,100.0,84.2,84.8,10.8,1,9,1,0,0
ST1028,20,51.0,55.6,63.9,70.7,45.6,12.1,5,15,2,1,1
ST1029,19,68.6,42.6,66.8,38.2,55.7,4.8,3,10,5,1,1
ST1030,19,69.9,72.1,80.5,62.7,61.1,11.2,1,15,5,1,0
ST1031,17,100.0,100.0,100.0,90.6,98.5,19.9,0,0,4,0,0
ST1032,16,77.0,69.2,68.3,65.6,53.6,10.7,0,8,1,1,0
ST1033,20,79.0,100.0,96.1,98.2,55.0,18.1,1,4,3,0,0
ST1034,23,56.0,62.1,75.1,77.9,52.8,8.1,0,10,1,1,0
ST1035,16,100.0,94.7,100.0,91.1,87.3,15.5,0,0,2,0,0
ST1036,22,69.9,64.6,70.4,70.9,62.5,12.1,2,12,5,0,1
ST1037,22,94.1,95.2,94.1,99.6,97.8,13.7,2,3,2,0,0
ST1038,18,96.9,90.8,100.0,77.3,92.4,9.5,0,0,1,0,0
ST1039,21,71.1,54.5,80.0,62.2,58.9,10.7,2,10,4,1,1
ST1040,17,82.0,77.2,82.0,76.0,64.3,7.8,1,1,4,1,0
ST1041,22,93.4,87.2,100.0,79.4,88.7,16.2,0,4,4,0,0
ST1042,21,49.5,28.2,48.7,28.8,41.2,9.6,2,18,5,0,1
ST1043,18,67.0,67.6,100.0,86.5,72.6,14.0,1,17,4,1,0
ST1044,16,84.3,84.4,86.2,58.7,55.6,14.8,1,6,4,1,0
ST1045,23,84.2,71.8,100.0,63.6,79.8,11.3,4,3,5,0,0
ST1046,19,95.0,78.4,80.8,80.8,81.0,19.6,1,2,2,0,0
ST1047,23,61.6,60.6,62.8,68.0,53.6,6.7,3,12,3,0,0
ST1048,21,93.7,83.0,95.3,73.9,74.2,14.4,0,4,3,0,0
ST1049,22,93.2,86.7,93.2,71.6,79.4,15.9,1,2,4,0,0
ST1050,22,67.5,37.8,77.0,44.4,46.2,5.3,2,8,3,1,1
ST1051,17,88.8,83.5,91.1,98.9,76.7,20.1,0,0,3,1,0
ST1052,18,100.0,100.0,100.0,100.0,94.6,21.6,0,1,1,0,0
ST1053,19,55.7,42.1,63.0,24.5,49.2,11.0,3,20,4,0,1
ST1054,19,32.6,29.0,39.7,25.5,28.4,6.9,6,24,1,1,1
ST1055,16,75.2,68.2,75.9,65.6,68.7,14.7,2,11,3,0,0
ST1056,20,100.0,100.0,100.0,100.0,80.4,22.4,0,3,3,0,0
ST1057,17,88.8,87.3,99.1,67.4,73.2,17.0,1,5,4,0,0
ST1058,21,83.9,81.4,91.5,69.1,70.0,9.7,3,3,3,0,0
ST1059,21,83.4,77.0,86.0,67.8,67.1,8.9,0,6,1,1,0
ST1060,23,95.7,91.7,100.0,90.1,85.8,20.8,1,5,3,0,0
ST1061,21,80.9,56.5,71.1,61.8,68.1,10.2,1,8,2,0,0
ST1062,18,60.5,60.4,75.0,64.8,68.4,9.0,1,16,2,0,1
ST1063,23,99.6,100.0,100.0,98.1,95.0,18.8,0,0,2,1,0
ST1064,19,65.5,58.0,58.5,43.4,55.6,1.7,3,11,1,1,1
ST1065,18,49.0,27.7,32.9,38.0,33.0,2.2,3,18,5,1,1
ST1066,23,61.4,62.8,66.6,65.6,54.1,9.0,1,13,2,0,1
ST1067,18,72.3,78.1,86.1,88.0,66.2,16.3,1,13,3,1,0
ST1068,16,62.2,68.9,78.7,65.0,70.2,15.6,1,6,5,1,0
ST1069,19,67.2,64.4,70.8,42.8,50.7,11.0,3,12,2,1,1
ST1070,22,99.1,100.0,100.0,100.0,93.3,21.0,2,0,5,1,0
ST1071,17,71.6,75.5,70.0,80.5,55.1,6.8,2,6,3,0,0
ST1072,19,91.0,91.6,100.0,80.2,55.2,15.5,0,5,5,1,0
ST1073,17,39.0,44.5,41.8,33.8,51.1,5.6,2,19,3,1,1
ST1074,21,83.2,68.1,79.3,63.9,65.2,16.5,0,5,1,1,0
ST1075,19,45.3,33.2,53.3,55.3,35.4,10.8,2,25,5,1,1
ST1076,18,100.0,92.4,82.6,80.5,71.4,11.9,0,3,5,1,0
ST1077,17,71.7,58.1,62.0,51.4,64.4,8.2,2,12,5,0,1
ST1078,20,66.0,56.0,82.6,68.7,78.7,8.3,1,13,1,1,0
ST1079,21,92.1,84.5,78.5,67.5,75.7,16.4,2,2,5,1,0
ST1080,23,84.2,66.3,89.8,79.2,63.1,11.2,0,12,2,0,0
ST1081,19,59.7,44.5,73.3,52.9,62.8,5.8,3,17,5,0,1
ST1082,17,71.3,73.6,79.8,84.7,52.6,16.5,1,8,5,0,0
ST1083,22,100.0,100.0,100.0,100.0,100.0,16.3,0,0,1,1,0
ST1084,21,68.6,72.5,89.6,68.7,95.1,9.0,2,13,2,0,0
ST1085,21,100.0,100.0,93.3,77.5,50.9,13.0,0,0,2,1,0
ST1086,16,93.4,81.1,96.9,75.3,71.7,12.5,2,0,2,0,0
ST1087,18,82.1,71.6,75.3,61.6,61.2,8.7,0,8,3,1,0
ST1088,22,100.0,100.0,100.0,100.0,89.0,19.5,0,0,3,1,0
ST1089,22,100.0,100.0,100.0,100.0,86.0,18.8,0,2,4,0,0
ST1090,19,75.4,67.4,75.7,76.1,70.2,7.5,3,10,4,0,0
ST1091,22,84.1,97.9,100.0,85.2,74.1,17.0,0,4,2,1,0
ST1092,22,100.0,100.0,100.0,100.0,93.9,23.4,0,2,1,0,0
ST1093,19,71.7,65.4,54.3,53.0,55.1,11.7,3,8,4,1,0
ST1094,23,68.0,67.8,63.1,60.2,69.8,10.2,0,10,1,1,0
ST1095,18,85.3,71.9,96.1,86.9,65.0,15.1,1,4,1,0,0
ST1096,17,91.0,100.0,100.0,91.3,68.3,16.2,0,7,4,1,0
ST1097,21,53.4,65.1,66.5,57.8,78.2,8.2,2,15,2,1,0
ST1098,21,55.3,56.1,66.3,51.9,56.0,12.6,1,20,1,0,1
ST1099,17,41.7,28.4,44.7,16.3,33.1,0.0,3,26,2,1,1
ST1100,22,86.7,52.8,73.0,67.3,57.7,11.7,1,2,3,0,0
ST1101,17,83.8,56.6,71.6,70.7,68.6,7.8,1,0,5,1,1
ST1102,22,66.4,81.3,70.6,63.9,89.8,15.0,0,15,5,0,0
ST1103,16,69.8,54.0,80.2,61.0,62.9,6.6,1,10,4,1,0
ST1104,22,79.5,53.4,45.5,52.2,42.5,11.7,2,5,5,1,1
ST1105,22,51.4,49.8,63.9,46.7,35.3,6.6,2,15,3,0,1
ST1106,22,88.3,77.7,85.2,93.6,70.9,18.9,2,3,3,0,0
ST1107,21,67.8,73.7,80.4,85.6,71.1,10.5,0,15,5,0,0
ST1108,19,89.0,87.2,100.0,87.6,55.8,9.7,1,4,2,0,0
ST1109,21,54.2,46.5,56.2,73.1,65.9,6.6,1,20,5,0,0
ST1110,18,52.8,37.0,45.7,34.0,35.1,1.1,2,18,5,1,1
ST1111,22,72.2,79.7,84.4,68.7,90.9,9.9,0,9,2,0,0
ST1112,20,90.5,88.4,93.0,71.6,94.0,15.8,0,2,4,1,0
ST1113,19,81.6,77.4,71.6,62.7,60.9,10.6,0,8,4,0,0
ST1114,20,75.4,70.2,67.4,50.5,76.3,11.7,1,11,4,1,0
ST1115,20,50.6,60.2,51.6,50.6,41.1,6.6,4,20,2,1,1
ST1116,16,99.1,100.0,100.0,100.0,100.0,20.3,0,0,5,1,0
ST1117,17,90.5,100.0,95.6,94.7,74.1,20.7,0,4,3,0,0
ST1118,17,86.8,76.8,98.0,87.3,67.0,13.3,0,6,1,1,0
ST1119,16,100.0,100.0,100.0,100.0,97.3,18.5,0,0,1,1,0
ST1120,19,99.4,85.4,92.1,93.6,76.4,18.7,1,0,4,0,0
ST1121,21,90.4,100.0,100.0,95.6,77.2,15.5,0,1,3,0,0
ST1122,21,71.9,79.0,79.9,66.4,81.3,19.0,1,9,1,1,0
ST1123,19,53.0,42.3,53.9,43.2,43.8,5.4,4,18,3,0,1
ST1124,22,92.1,73.9,97.4,52.1,90.5,15.6,1,7,3,0,1
ST1125,20,100.0,98.0,92.6,79.2,67.9,19.9,0,0,1,1,0
ST1126,16,77.9,81.3,74.9,64.5,86.6,10.7,1,6,2,1,0
ST1127,22,64.7,52.7,61.7,51.0,42.1,5.0,2,11,3,1,1
ST1128,20,85.1,89.0,96.1,78.8,81.7,18.6,0,8,4,1,0
ST1129,21,94.7,95.1,99.6,82.7,75.4,17.8,0,0,4,0,0
ST1130,20,69.3,62.8,90.8,47.3,56.4,5.3,0,9,1,0,1
ST1131,20,77.8,65.2,86.6,74.8,79.9,9.6,1,4,4,1,0
ST1132,16,70.3,54.0,45.0,61.4,75.4,1.5,2,12,5,1,0
ST1133,20,71.2,73.1,82.1,74.4,81.3,13.8,2,10,1,0,0
ST1134,22,70.0,69.3,68.2,57.9,53.7,8.1,3,9,5,0,0
ST1135,18,100.0,100.0,100.0,75.0,84.5,16.2,0,0,1,0,0
ST1136,20,52.0,74.5,77.4,64.3,59.6,7.0,1,20,4,0,0
ST1137,16,92.5,79.8,85.8,70.3,60.0,9.7,2,0,2,0,0
ST1138,18,72.5,96.6,96.6,89.1,72.4,16.0,0,7,4,1,0
ST1139,19,100.0,95.0,100.0,99.6,85.1,17.0,0,4,5,1,0
ST1140,23,74.9,59.3,63.7,71.3,61.1,9.3,0,9,5,1,0
ST1141,17,81.5,71.5,76.5,84.0,51.9,15.3,0,8,5,0,0
ST1142,18,83.2,79.1,100.0,78.2,81.8,23.4,0,7,5,0,0
ST1143,19,69.9,75.0,72.7,78.7,86.0,12.4,1,10,2,1,0
ST1144,23,66.9,53.8,61.9,55.4,64.5,10.3,0,11,3,1,0
ST1145,22,100.0,100.0,100.0,100.0,93.5,19.8,0,2,4,1,0
ST1146,16,100.0,100.0,100.0,100.0,73.6,13.7,0,3,1,0,0
ST1147,17,94.1,91.1,87.7,86.0,86.0,15.1,0,5,3,0,0
ST1148,22,41.0,47.5,46.3,28.6,22.1,0.6,3,17,3,1,1
ST1149,16,67.7,65.6,84.1,69.1,76.3,10.8,1,15,5,1,0
ST1150,22,55.0,59.6,68.6,57.9,54.9,6.2,2,15,1,1,1
ST1151,18,100.0,87.7,100.0,88.7,100.0,11.3,0,0,1,0,0
ST1152,23,100.0,96.2,83.5,91.1,64.7,22.2,0,0,1,0,0
ST1153,18,54.5,66.7,86.9,54.7,71.8,8.4,2,18,3,0,1
ST1154,19,73.3,65.0,66.3,74.4,66.1,6.8,0,11,3,0,0
ST1155,21,60.4,61.0,83.5,59.1,56.7,12.2,1,13,3,0,1
ST1156,17,93.0,72.3,96.0,74.9,55.6,10.7,1,5,2,1,1
ST1157,20,60.8,60.8,78.2,67.7,70.7,14.0,0,14,2,0,1
ST1158,20,89.6,62.2,71.4,54.8,73.2,9.1,1,2,3,1,0
ST1159,22,63.7,67.5,67.0,47.4,76.7,6.9,2,11,1,0,1
ST1160,23,53.0,63.9,58.2,33.4,67.8,9.4,2,18,4,1,1
ST1161,21,100.0,100.0,100.0,100.0,84.1,21.1,0,0,1,0,0
ST1162,19,100.0,100.0,100.0,98.9,88.4,24.4,0,0,4,0,0
ST1163,19,48.5,50.0,38.7,52.1,38.9,7.2,3,21,3,1,1
ST1164,19,57.5,74.2,69.3,53.7,67.6,8.2,4,13,5,1,1
ST1165,22,85.3,87.6,96.0,94.9,73.7,18.8,0,10,4,0,0
ST1166,18,91.9,100.0,100.0,92.4,100.0,21.0,0,0,3,1,0
ST1167,17,72.8,66.5,71.9,67.1,72.4,11.1,2,9,4,0,0
ST1168,18,45.0,55.1,63.0,69.2,58.6,3.5,3,17,1,1,1
ST1169,16,38.9,44.1,36.3,53.8,39.5,5.7,3,18,1,1,1
ST1170,16,60.5,60.2,46.2,69.9,68.0,9.8,1,12,3,1,0
ST1171,16,76.8,92.0,89.4,81.7,73.0,12.4,1,13,5,0,0
ST1172,22,100.0,91.5,100.0,77.1,76.4,19.9,0,0,5,0,0
ST1173,21,78.3,74.0,77.9,77.2,75.5,7.7,1,5,2,1,0
ST1174,21,85.6,70.7,74.5,73.4,70.6,18.3,0,0,2,0,0
ST1175,19,80.3,91.9,96.6,94.9,73.4,16.5,0,2,5,1,0
ST1176,21,35.2,31.7,26.1,24.8,45.9,3.7,4,21,3,0,1
ST1177,17,47.8,34.0,36.9,34.1,42.3,2.8,4,16,1,0,1
ST1178,23,48.3,43.2,49.5,49.4,57.5,1.9,3,17,2,0,1
ST1179,20,100.0,100.0,100.0,90.9,75.9,15.7,0,0,5,0,0
ST1180,23,51.8,52.3,58.3,58.4,42.7,9.2,4,17,5,0,1
ST1181,17,63.9,48.0,63.1,50.9,78.1,11.2,1,16,5,0,1
ST1182,19,64.8,57.3,90.3,47.6,78.8,9.4,3,17,1,0,0
ST1183,21,57.0,48.4,60.6,62.6,60.2,0.0,2,9,5,0,0
ST1184,19,60.8,63.6,70.4,83.3,54.8,4.5,3,11,1,1,0
ST1185,19,62.2,62.2,62.1,60.9,54.3,14.8,3,11,5,1,1
ST1186,17,64.4,65.2,61.8,45.3,74.3,5.9,2,13,5,1,0
ST1187,19,65.3,59.5,50.5,55.2,59.3,14.7,3,9,2,1,1
ST1188,17,100.0,100.0,100.0,100.0,86.0,17.2,0,5,1,0,0
ST1189,18,78.6,63.7,83.4,81.2,87.4,11.1,0,8,4,1,0
ST1190,21,87.2,77.3,88.4,67.9,75.3,16.4,0,4,1,1,0
ST1191,21,97.2,88.0,100.0,92.1,100.0,15.3,0,6,3,0,0
ST1192,20,54.9,32.1,57.5,39.4,29.1,9.2,4,16,2,1,1
ST1193,18,44.8,47.9,31.9,46.8,49.5,4.4,2,21,3,1,1
ST1194,23,50.8,51.7,48.3,41.4,71.8,7.3,3,15,5,1,1
ST1195,16,74.3,75.2,64.1,50.3,64.8,10.0,2,5,5,0,0
ST1196,18,69.0,49.3,75.6,51.0,46.2,7.9,2,9,3,1,1
ST1197,16,65.7,76.2,86.1,81.5,55.0,16.7,4,19,2,1,1
ST1198,18,81.3,55.2,55.6,64.0,77.1,10.7,2,8,5,1,0
ST1199,23,80.6,96.8,81.8,95.1,74.8,22.1,0,8,3,1,0
ST1200,18,72.8,66.3,71.7,57.9,61.4,8.4,3,7,1,1,0
ST1201,23,91.1,78.0,77.0,61.1,53.6,14.0,1,6,5,0,0
ST1202,19,100.0,99.2,90.7,100.0,100.0,19.3,0,0,5,1,0
ST1203,21,80.5,65.3,100.0,74.1,81.4,9.0,0,2,2,0,0
ST1204,19,74.4,60.8,83.6,75.1,68.8,13.0,0,7,1,0,0
ST1205,18,45.9,32.7,51.4,50.5,30.1,3.9,5,25,1,0,1
ST1206,22,59.6,59.5,56.0,43.0,72.4,5.4,4,20,3,1,0
ST1207,23,70.7,76.2,85.6,64.7,63.8,13.0,0,9,2,1,0
ST1208,18,70.9,56.0,71.0,65.8,52.4,11.3,0,8,4,1,0
ST1209,22,79.0,63.6,76.7,62.8,48.0,11.6,2,2,4,0,0
ST1210,18,74.7,69.0,88.5,81.0,63.7,12.7,0,9,1,1,0
ST1211,21,90.2,88.3,82.4,88.2,67.2,16.6,0,4,5,1,0
ST1212,22,68.5,62.1,96.3,61.7,63.3,11.6,2,13,1,1,1
ST1213,19,94.9,75.1,96.4,83.7,86.6,15.8,0,5,1,1,0
ST1214,21,100.0,88.7,100.0,94.6,81.4,15.7,0,0,4,0,0
ST1215,18,70.9,63.4,60.2,69.8,64.8,17.7,0,12,4,0,0
ST1216,16,79.6,56.5,65.2,65.7,54.6,6.0,2,5,5,1,0
ST1217,16,100.0,100.0,99.6,100.0,93.7,18.3,0,2,3,1,0
ST1218,19,83.7,83.3,85.5,76.4,90.8,11.0,1,4,3,0,0
ST1219,23,62.8,43.4,62.7,48.3,50.2,13.6,1,14,4,0,1
ST1220,17,58.1,50.4,55.5,42.7,57.4,3.3,4,16,4,1,0
ST1221,19,54.8,60.3,49.8,54.3,36.4,8.7,5,16,4,0,1
ST1222,21,97.2,70.9,70.6,65.9,84.2,12.6,0,3,2,0,0
ST1223,17,89.1,82.6,94.4,100.0,74.6,16.8,0,0,5,1,0
ST1224,21,91.5,100.0,94.3,100.0,94.7,20.6,0,0,2,0,0
ST1225,18,75.7,63.7,67.5,69.6,61.8,14.1,1,8,2,0,0
ST1226,22,73.4,74.1,88.9,67.5,69.4,8.9,4,5,2,1,1
ST1227,20,42.2,49.5,52.7,45.0,57.4,6.8,2,19,2,1,1
ST1228,20,68.3,50.2,74.3,36.5,47.6,1.5,2,10,2,0,1
ST1229,17,79.5,78.2,77.0,70.7,81.9,12.9,0,11,3,1,0
ST1230,19,90.4,96.3,100.0,94.6,77.1,15.2,1,4,4,0,0
ST1231,22,94.4,87.7,87.5,79.3,81.0,12.9,0,5,3,0,0
ST1232,16,79.7,64.4,60.1,70.2,60.7,6.0,1,8,5,0,0
ST1233,22,70.3,74.4,95.8,82.9,74.7,14.1,1,9,3,1,0
ST1234,19,100.0,84.1,91.7,74.1,71.0,9.5,0,0,3,0,0
ST1235,21,79.4,73.8,83.9,59.0,65.0,11.3,2,9,1,0,0
ST1236,21,87.0,73.2,81.8,93.2,63.2,10.6,2,8,5,1,0
ST1237,19,100.0,93.5,92.2,90.5,79.5,12.3,0,0,1,1,0
ST1238,18,73.8,70.1,65.8,60.6,64.1,14.1,4,4,1,1,0
ST1239,21,85.0,68.9,99.8,75.5,67.7,15.6,0,0,5,1,0
ST1240,17,67.7,76.2,77.4,65.2,64.0,14.3,3,10,3,0,0
ST1241,20,78.3,85.5,79.6,67.0,65.6,15.4,2,1,1,1,0
ST1242,16,100.0,100.0,100.0,96.9,77.2,14.8,0,5,3,0,0
ST1243,21,86.8,92.4,100.0,100.0,73.3,18.7,0,6,3,1,0
ST1244,21,45.0,44.7,59.5,44.7,36.8,1.1,3,17,1,1,1
ST1245,16,100.0,80.6,87.6,97.2,100.0,19.5,0,0,4,0,0
ST1246,22,100.0,94.4,100.0,91.4,100.0,20.0,0,3,4,0,0
ST1247,19,99.5,100.0,100.0,99.6,97.1,17.6,0,0,1,1,0
ST1248,22,64.2,64.7,84.1,81.1,80.5,13.7,0,9,4,1,0
ST1249,16,82.5,64.9,82.1,72.8,45.8,14.7,0,4,2,0,1
ST1250,17,56.7,70.2,63.6,27.9,41.5,15.3,0,15,4,0,1
ST1251,19,58.0,54.5,55.9,54.3,46.6,7.2,1,17,2,1,1
ST1252,17,100.0,100.0,100.0,100.0,90.3,24.4,0,4,2,1,0
ST1253,18,82.6,62.8,74.5,42.4,59.9,11.8,2,9,3,0,0
ST1254,21,45.5,54.2,33.5,56.9,48.4,5.9,3,19,3,1,1
ST1255,17,100.0,84.7,100.0,62.7,93.9,18.7,2,3,2,0,0
ST1256,21,81.3,85.5,90.1,87.2,60.8,14.3,0,5,5,0,0
ST1257,16,92.6,82.4,100.0,83.7,82.9,17.9,0,0,4,0,0
ST1258,17,100.0,94.0,100.0,63.9,80.7,11.1,0,0,3,1,0
ST1259,20,79.7,86.3,81.0,81.4,76.4,13.1,1,5,2,0,0
ST1260,22,61.3,52.6,63.4,55.3,42.3,1.4,4,12,3,0,1
ST1261,17,36.0,43.6,30.1,39.6,57.5,4.6,3,20,1,0,1
ST1262,18,86.7,69.5,77.2,81.3,71.6,18.4,1,3,5,0,1
ST1263,23,52.0,46.5,49.6,31.0,60.8,2.0,3,19,1,0,1
ST1264,23,83.3,65.4,58.9,50.1,58.8,12.2,2,11,4,1,0
ST1265,20,63.7,43.9,50.5,44.3,51.6,6.4,1,8,2,1,1
ST1266,19,72.8,74.8,70.2,89.4,68.6,6.2,2,6,4,0,1
ST1267,18,63.2,71.6,76.1,79.0,62.6,9.8,1,10,2,1,0
ST1268,20,62.5,66.5,60.6,43.4,69.8,11.4,1,15,1,1,1
ST1269,20,30.0,20.0,27.0,5.0,20.2,0.0,5,24,5,0,1
ST1270,18,67.2,46.0,65.3,44.5,26.8,5.2,2,9,4,0,0
ST1271,16,91.7,92.3,100.0,68.1,44.2,18.5,1,5,1,1,0
ST1272,17,50.5,53.9,60.0,52.2,68.4,10.6,6,20,1,0,1
ST1273,23,91.4,89.0,80.4,81.8,86.6,14.8,2,3,3,0,0
ST1274,19,75.8,79.1,84.4,64.7,95.6,16.9,0,6,5,0,0
ST1275,19,72.1,45.3,51.7,59.7,55.1,8.6,3,11,3,1,1
ST1276,19,100.0,82.5,88.0,76.5,53.3,13.5,2,0,1,1,0
ST1277,22,76.3,64.3,81.4,59.0,59.5,9.8,0,8,4,0,0
ST1278,16,83.0,75.3,100.0,68.4,67.9,12.3,0,4,3,0,0
ST1279,16,67.5,59.9,66.6,43.6,52.2,8.6,1,14,4,1,1
ST1280,18,54.1,74.8,66.2,59.7,80.2,13.9,2,17,2,1,1
ST1281,19,100.0,99.3,100.0,100.0,100.0,25.3,0,3,1,0,0
ST1282,21,56.2,55.4,67.8,58.7,63.9,13.1,1,19,1,0,0
ST1283,19,82.7,89.3,99.5,92.2,81.6,15.2,0,7,4,0,0
ST1284,19,100.0,89.6,100.0,98.7,73.9,15.6,0,0,4,0,0
ST1285,23,81.5,76.1,92.4,68.8,85.8,16.1,2,10,2,1,0
ST1286,17,79.9,83.8,73.0,72.6,67.7,13.3,0,8,1,1,0
ST1287,20,87.7,80.6,100.0,92.7,74.5,16.1,3,12,4,1,0
ST1288,20,61.5,59.4,69.6,53.7,61.7,6.4,0,14,1,1,0
ST1289,19,100.0,74.8,100.0,96.3,80.3,19.3,0,2,1,1,0
ST1290,22,85.0,79.3,84.4,75.8,75.3,10.6,0,6,3,1,0
ST1291,18,93.3,81.1,100.0,74.4,60.3,16.5,0,2,4,0,0
ST1292,23,77.1,66.1,72.3,75.4,80.6,16.3,1,7,5,0,0
ST1293,18,69.9,75.0,77.2,60.0,62.9,15.6,1,11,4,1,0
ST1294,20,83.5,86.3,88.7,92.4,94.9,18.7,0,7,5,0,0
ST1295,20,47.2,54.4,80.8,56.2,55.6,4.6,1,22,4,1,1
ST1296,22,74.5,67.5,87.2,65.4,65.6,12.3,2,10,5,0,0
ST1297,19,100.0,90.2,100.0,100.0,81.2,26.9,0,0,1,0,0
ST1298,18,100.0,97.6,100.0,100.0,100.0,18.2,0,0,1,0,0
ST1299,16,77.9,79.9,82.7,54.5,58.5,11.9,1,4,4,0,1
ST1300,18,82.5,59.3,79.0,76.3,65.7,17.2,0,11,5,0,1
ST1301,22,60.5,64.9,85.6,73.4,69.5,14.3,0,12,4,0,0
ST1302,16,70.3,68.1,82.8,78.6,69.7,19.6,1,13,2,0,0
ST1303,23,77.6,82.3,78.7,61.9,46.1,8.8,0,9,3,0,0
ST1304,20,64.4,61.0,62.7,71.7,52.2,4.8,1,13,1,1,1
ST1305,17,87.6,86.8,100.0,86.6,92.3,20.7,0,4,2,0,0
ST1306,18,100.0,100.0,100.0,84.0,80.2,13.7,0,0,4,1,0
ST1307,20,100.0,86.9,100.0,80.1,80.8,16.3,1,0,1,0,0
ST1308,18,79.8,75.7,69.6,48.1,65.7,10.5,2,12,3,1,0
ST1309,16,54.7,37.7,73.6,60.7,49.2,9.5,3,16,2,1,1
ST1310,21,81.6,88.0,76.7,92.6,62.7,15.8,0,10,3,1,0
ST1311,21,100.0,100.0,100.0,100.0,100.0,24.6,0,4,4,1,0
ST1312,16,100.0,94.3,100.0,92.2,100.0,18.5,0,0,5,0,0
ST1313,18,94.8,86.1,100.0,100.0,68.1,19.4,0,3,3,1,0
ST1314,17,93.7,85.5,82.5,77.3,71.7,26.6,0,2,5,0,0
ST1315,21,86.5,75.9,80.5,74.6,58.5,15.9,0,1,4,1,0
ST1316,21,84.7,76.8,71.1,84.2,77.8,12.1,0,5,5,0,0
ST1317,21,84.5,73.3,89.2,82.0,71.3,9.5,0,7,4,0,0
ST1318,23,66.2,58.4,48.2,72.8,44.0,5.4,3,10,3,1,0
ST1319,22,98.0,89.4,89.4,85.7,78.5,14.4,0,0,4,1,0
ST1320,18,86.3,86.6,73.1,82.1,66.8,14.3,1,4,2,1,0
ST1321,16,53.1,57.1,70.2,54.2,49.9,9.8,1,23,4,1,0
ST1322,20,100.0,100.0,100.0,80.4,73.4,24.2,0,0,4,1,0
ST1323,23,73.3,69.5,58.3,60.3,50.8,14.0,1,11,4,1,0
ST1324,23,60.7,84.3,85.9,80.9,81.5,11.1,0,13,1,1,0
ST1325,17,74.2,81.3,68.4,79.4,62.0,9.0,1,7,3,0,0
ST1326,17,56.4,51.1,59.8,41.1,50.9,8.9,3,14,4,1,1
ST1327,16,86.7,100.0,84.1,73.4,67.5,14.7,0,7,1,1,1
ST1328,17,36.3,36.9,56.8,33.7,47.5,0.0,4,24,4,1,1
ST1329,20,94.7,82.0,94.2,85.0,59.9,15.2,1,2,5,1,0
ST1330,20,91.6,100.0,91.8,98.8,86.3,20.8,0,6,3,1,0
ST1331,18,69.6,61.5,68.1,69.4,67.6,4.4,1,14,5,1,0
ST1332,18,99.3,88.9,100.0,82.0,100.0,14.4,0,3,5,0,0
ST1333,22,95.0,82.5,92.1,92.5,85.5,15.1,0,0,3,1,0
ST1334,19,75.3,70.4,71.8,31.8,55.9,12.4,1,10,5,1,1
ST1335,22,76.2,61.4,84.0,63.3,67.8,8.0,1,10,5,1,1
ST1336,23,91.0,85.0,84.4,100.0,100.0,12.3,0,1,1,1,0
ST1337,18,64.6,62.9,63.4,37.2,36.3,9.7,3,8,5,1,1
ST1338,17,54.8,56.9,67.6,46.4,42.5,5.4,3,10,1,0,1
ST1339,23,52.7,43.9,61.5,42.7,45.3,7.2,2,17,3,1,1
ST1340,21,69.4,56.9,68.8,54.9,56.0,6.3,1,12,5,1,1
ST1341,18,55.4,55.9,52.1,55.6,45.3,1.8,4,12,4,1,1
ST1342,20,100.0,100.0,95.2,100.0,80.0,22.7,0,3,2,1,0
ST1343,20,88.7,65.8,76.3,76.3,87.9,14.2,1,4,4,1,0
ST1344,23,94.0,85.8,99.4,94.1,64.5,18.7,0,6,2,1,0
ST1345,18,68.6,70.0,74.9,67.9,64.1,9.9,0,12,2,0,0
ST1346,23,88.9,89.0,91.5,100.0,87.5,12.2,0,1,5,1,0
ST1347,23,80.7,82.4,93.4,75.4,70.0,16.8,3,8,1,1,0
ST1348,17,45.9,39.3,33.5,36.7,30.9,0.0,5,21,5,1,1
ST1349,17,100.0,82.7,84.6,56.9,55.5,16.5,2,0,3,0,0
ST1350,20,65.8,64.1,73.2,56.7,59.7,14.1,2,8,1,1,1
ST1351,16,86.0,71.5,78.0,85.4,62.9,15.6,0,5,4,0,0
ST1352,18,86.3,69.9,94.8,55.2,69.2,9.6,1,2,1,0,0
ST1353,19,78.8,72.2,89.2,48.3,52.5,9.5,0,11,2,0,0
ST1354,23,91.0,66.5,78.8,62.2,70.7,9.4,1,2,2,1,0
ST1355,23,53.6,34.6,75.6,60.2,53.0,2.9,3,21,4,0,1
ST1356,17,51.3,38.5,35.0,39.1,47.0,1.7,3,11,2,0,1
ST1357,23,65.2,65.6,72.7,60.7,79.5,12.5,2,13,4,0,0
ST1358,16,64.2,58.2,72.1,40.0,54.9,11.3,0,17,1,1,1
ST1359,21,100.0,91.7,92.5,96.1,76.1,14.0,0,0,4,0,0
ST1360,22,87.2,78.7,86.2,78.8,63.2,14.4,0,4,4,1,0
ST1361,23,63.9,46.2,52.0,33.6,52.7,9.1,2,11,2,0,1
ST1362,17,73.7,44.5,73.1,63.9,54.9,12.6,3,7,5,1,0
ST1363,23,73.3,65.1,86.5,73.4,55.9,12.8,0,10,3,1,0
ST1364,16,59.1,61.1,65.6,65.2,33.3,11.2,2,10,4,0,1
ST1365,20,93.5,80.0,57.2,68.3,55.0,11.2,1,2,1,1,0
ST1366,19,59.9,56.3,48.7,54.6,55.2,9.5,2,16,5,0,0
ST1367,18,66.3,53.9,79.0,68.5,65.4,6.8,1,11,2,1,0
ST1368,16,78.2,75.9,85.6,85.1,86.2,13.2,0,5,4,1,0
ST1369,22,63.5,66.5,45.1,45.6,84.8,10.4,1,16,1,0,1
ST1370,18,100.0,100.0,100.0,100.0,100.0,24.5,0,2,1,0,0
ST1371,21,67.8,68.7,73.6,55.8,77.8,11.6,1,8,1,0,1
ST1372,19,100.0,100.0,100.0,100.0,100.0,30.0,0,0,5,0,0
ST1373,18,100.0,100.0,100.0,100.0,100.0,20.9,0,0,2,1,0
ST1374,23,76.5,67.9,66.1,65.2,82.0,9.4,2,10,5,0,0
ST1375,16,61.8,68.5,62.7,72.7,71.8,7.6,1,14,3,0,0
ST1376,21,89.2,85.8,100.0,100.0,92.0,20.5,0,6,1,0,0
ST1377,21,92.8,82.9,100.0,74.5,75.7,16.3,0,2,3,1,0
ST1378,19,58.7,25.6,71.8,44.4,48.4,2.8,2,12,3,1,1
ST1379,18,89.7,76.5,93.2,70.2,71.1,13.6,0,6,2,1,0
ST1380,16,30.3,24.8,41.4,25.3,43.4,0.0,3,23,4,0,1
ST1381,23,84.1,64.8,89.2,72.5,60.1,12.1,1,6,5,1,0
ST1382,23,64.0,64.7,58.5,28.2,60.2,9.6,1,8,5,1,1
ST1383,17,44.2,40.6,55.4,63.5,19.5,3.0,3,18,3,0,1
ST1384,16,67.1,50.2,68.5,71.3,85.1,16.2,1,15,5,1,0
ST1385,16,100.0,93.1,100.0,83.2,79.6,13.0,3,0,5,0,0
ST1386,16,85.7,67.5,80.9,90.7,74.5,14.6,0,7,1,1,0
ST1387,22,84.1,77.4,86.8,67.7,84.5,18.7,0,0,4,1,1
ST1388,23,100.0,86.9,100.0,96.0,90.4,21.4,0,0,4,1,0
ST1389,17,100.0,79.6,57.5,70.2,87.5,13.1,1,0,1,0,1
ST1390,21,76.0,81.3,92.5,100.0,64.7,11.9,1,14,4,1,0
ST1391,17,54.7,56.1,67.9,51.7,81.4,3.8,2,12,5,1,0
ST1392,18,71.8,71.5,82.7,70.9,79.5,10.6,2,12,2,0,0
ST1393,20,75.4,74.1,82.7,87.1,74.3,11.2,1,12,5,1,0
ST1394,21,70.2,60.2,96.5,76.5,85.2,10.3,1,8,5,0,1
ST1395,22,71.3,55.6,78.4,64.0,52.0,10.0,1,9,4,0,0
ST1396,16,55.9,54.2,70.7,68.8,56.2,8.9,2,16,4,1,0
ST1397,17,99.0,91.1,100.0,100.0,97.9,18.0,1,0,3,0,0
ST1398,18,97.2,86.7,100.0,92.3,62.0,13.0,0,0,3,0,0
ST1399,18,62.4,57.0,51.3,50.9,58.7,5.0,2,17,3,0,1
ST1400,23,90.0,78.2,64.2,79.3,79.6,13.4,0,5,3,1,0
ST1401,22,100.0,90.2,100.0,100.0,100.0,17.8,1,0,3,0,0
ST1402,18,66.7,61.0,78.7,55.4,44.4,15.5,2,12,5,0,1
ST1403,23,88.7,68.0,71.7,58.9,79.2,10.6,3,6,4,1,0
ST1404,19,100.0,100.0,100.0,83.4,83.3,14.0,0,2,2,0,0
ST1405,20,57.1,80.2,73.9,55.1,59.9,12.2,2,13,3,1,1
ST1406,19,55.7,51.5,77.4,50.3,44.3,10.3,2,20,2,1,1
ST1407,17,55.6,62.1,67.0,62.1,50.8,9.9,3,19,1,1,1
ST1408,23,66.8,63.6,73.0,76.1,63.6,5.5,3,14,2,1,0
ST1409,16,100.0,97.6,100.0,100.0,75.4,23.6,0,0,1,0,0
ST1410,17,67.8,61.2,88.0,54.2,71.5,7.3,1,8,5,0,1
ST1411,17,100.0,67.7,71.9,67.4,64.9,15.3,1,0,1,0,0
ST1412,18,91.6,77.7,85.4,92.5,61.4,14.8,0,3,2,0,0
ST1413,17,68.9,48.1,73.6,64.1,50.0,9.9,2,6,2,1,1
ST1414,16,43.0,29.3,66.3,40.9,51.0,10.5,6,21,2,1,1
ST1415,21,36.7,30.7,47.2,30.9,39.8,5.6,2,26,2,1,1
ST1416,23,54.7,39.1,52.7,55.6,50.0,4.4,4,18,4,0,1
ST1417,16,81.5,79.0,89.9,62.6,77.2,15.8,0,4,5,1,0
ST1418,18,54.9,67.7,78.8,67.5,75.0,8.5,2,13,1,1,1
ST1419,20,62.6,50.2,61.8,77.5,53.9,9.0,5,14,2,1,0
ST1420,23,75.9,67.7,81.1,69.6,54.8,7.6,0,8,3,1,0
ST1421,21,73.7,54.4,89.0,58.3,67.0,8.3,0,11,2,1,0
ST1422,22,55.9,51.5,82.1,58.1,61.6,8.4,2,17,4,0,0
ST1423,20,74.2,75.6,87.6,66.7,52.8,13.4,0,12,2,0,1
ST1424,19,89.5,92.0,93.7,70.5,68.4,10.2,1,0,3,1,0
ST1425,17,86.3,74.2,87.3,84.3,65.9,15.4,0,5,3,0,0
ST1426,22,72.0,69.4,74.9,70.1,56.8,6.7,3,9,2,0,0
ST1427,22,87.7,61.3,80.7,65.8,59.6,15.8,0,4,4,1,0
ST1428,16,69.2,55.3,75.0,58.8,71.0,9.4,0,13,4,1,0
ST1429,21,61.8,64.5,56.1,48.2,41.0,5.6,2,16,3,0,1
ST1430,16,88.7,93.0,100.0,77.0,55.9,13.9,0,8,3,0,0
ST1431,21,69.9,62.6,55.6,50.6,53.7,5.8,4,12,5,1,1
ST1432,22,67.3,64.0,67.9,52.7,60.8,14.1,0,11,5,1,0
ST1433,17,100.0,77.5,100.0,100.0,69.3,17.6,0,0,5,0,0
ST1434,19,60.9,30.2,74.8,46.0,41.1,5.1,3,8,1,1,1
ST1435,16,98.6,84.1,87.4,85.5,70.6,16.0,0,4,5,0,0
ST1436,20,100.0,98.9,100.0,100.0,86.8,16.4,0,0,5,1,0
ST1437,23,89.0,81.5,92.4,96.4,84.3,12.8,2,5,5,0,0
ST1438,16,96.5,91.6,100.0,85.2,75.0,17.8,0,3,4,1,0
ST1439,19,77.2,72.0,50.9,71.8,83.5,8.5,1,4,2,1,0
ST1440,23,82.0,84.5,74.9,73.2,77.2,9.9,0,4,4,1,0
ST1441,18,78.2,78.5,100.0,80.8,63.8,16.0,1,12,3,1,0
ST1442,17,53.5,68.2,71.7,62.5,60.4,10.8,2,17,5,0,0
ST1443,19,72.7,65.8,62.8,59.8,64.6,6.7,1,8,2,0,0
ST1444,20,65.4,64.1,72.3,50.5,76.9,8.7,1,12,4,0,1
ST1445,21,71.4,73.0,73.2,64.6,55.7,7.4,1,13,4,0,1
ST1446,18,59.8,51.6,75.6,55.4,67.8,14.6,3,17,5,0,1
ST1447,23,100.0,100.0,100.0,89.7,98.0,24.2,0,0,1,0,0
ST1448,20,86.7,82.1,91.1,82.3,89.5,12.4,3,10,5,1,0
ST1449,18,100.0,100.0,100.0,100.0,100.0,23.5,0,3,2,0,0
ST1450,23,82.6,76.3,88.2,95.1,69.7,7.8,1,6,5,0,0
ST1451,23,97.8,90.1,77.0,68.0,65.2,10.0,0,0,1,1,0
ST1452,19,61.7,59.2,50.7,45.6,58.9,7.6,1,17,2,1,1
ST1453,16,61.0,37.6,41.2,35.3,49.4,8.0,2,15,4,0,1
ST1454,20,64.7,78.0,58.6,69.2,83.6,10.8,0,8,3,1,0
ST1455,20,75.4,76.9,78.0,81.0,75.9,15.0,0,8,4,0,0
ST1456,17,83.5,65.9,62.0,53.0,56.7,10.1,1,15,3,1,0
ST1457,21,79.2,70.4,91.3,77.1,70.3,13.9,1,7,1,0,0
ST1458,22,68.6,74.8,66.2,50.5,54.7,11.1,0,9,4,1,0
ST1459,16,59.9,48.3,30.2,60.1,60.3,6.3,1,11,3,1,1
ST1460,21,87.2,83.1,79.8,72.9,66.8,15.2,0,10,3,0,0
ST1461,17,55.4,53.4,58.7,54.1,68.8,9.6,3,18,2,1,1
ST1462,21,63.1,74.3,60.8,44.4,44.3,9.5,2,17,5,0,1
ST1463,19,100.0,100.0,100.0,83.2,82.8,12.8,0,1,4,1,0
ST1464,16,53.2,53.1,54.3,48.8,67.0,4.6,1,20,1,0,1
ST1465,23,52.9,57.6,73.3,56.6,34.5,10.1,1,14,1,1,1
ST1466,17,84.6,68.4,79.6,72.7,88.8,16.0,0,6,1,1,0
ST1467,20,96.2,95.8,94.6,99.7,74.0,15.9,1,2,1,1,0
ST1468,17,87.9,84.6,86.5,93.2,81.6,14.6,0,8,4,0,0
ST1469,23,73.4,76.5,86.6,89.2,81.8,15.1,0,10,4,0,0
ST1470,21,61.5,68.7,60.9,74.9,68.4,6.1,1,12,3,0,0
ST1471,22,94.7,85.5,99.4,93.3,84.4,20.2,0,2,3,1,0
ST1472,19,80.6,65.1,71.6,61.5,72.8,10.6,1,2,5,1,1
ST1473,19,91.0,81.2,91.8,100.0,91.1,15.6,0,0,5,1,0
ST1474,21,80.9,81.3,93.6,85.1,90.2,12.4,0,9,3,1,0
ST1475,22,82.1,86.4,83.4,76.1,72.2,9.9,3,5,3,0,0
ST1476,22,30.0,31.4,29.2,9.8,55.4,4.9,6,24,3,1,1
ST1477,16,100.0,100.0,100.0,87.8,97.2,17.6,1,2,5,1,0
ST1478,21,40.9,36.1,49.7,38.6,27.5,5.8,4,25,4,1,1
ST1479,16,78.3,71.5,69.1,75.2,94.6,13.0,1,9,2,1,0
ST1480,18,72.8,57.1,73.5,61.3,55.9,7.9,2,15,5,1,0
ST1481,22,85.6,69.4,73.5,79.1,82.8,12.0,1,7,2,1,0
ST1482,18,75.0,70.6,63.3,75.5,62.1,10.8,3,10,4,1,0
ST1483,22,59.4,72.5,62.4,84.7,81.8,8.0,1,15,5,0,1
ST1484,19,44.8,32.4,48.0,53.4,40.1,6.2,3,15,5,1,1
ST1485,17,87.5,70.2,94.4,67.2,81.3,13.9,1,7,1,0,0
ST1486,18,55.9,39.5,51.6,52.3,49.4,7.3,4,8,2,1,1
ST1487,20,93.9,88.6,100.0,76.5,94.4,15.0,0,0,4,1,0
ST1488,22,86.2,90.7,91.4,56.4,73.7,13.0,3,5,1,1,0
ST1489,20,100.0,100.0,100.0,88.1,93.3,20.8,0,0,1,0,0
ST1490,23,67.9,48.0,79.1,73.1,37.8,6.4,0,10,2,0,1
ST1491,22,35.4,53.9,68.3,48.2,46.8,4.5,2,28,3,0,1
ST1492,22,75.3,80.3,72.7,92.3,73.6,14.3,0,12,1,1,0
ST1493,20,85.3,63.9,58.8,74.3,73.2,14.3,1,3,1,0,1
ST1494,18,88.2,88.9,94.3,100.0,94.2,18.4,0,3,2,1,0
ST1495,19,87.8,85.9,91.0,77.1,67.2,21.3,1,0,3,0,0
ST1496,16,100.0,100.0,100.0,100.0,90.8,21.0,0,2,3,1,0
ST1497,18,95.6,78.8,100.0,73.4,93.8,19.5,0,1,4,1,0
ST1498,23,46.3,68.5,83.5,76.9,39.8,10.1,1,13,5,1,0
ST1499,19,42.8,28.5,57.0,38.2,56.0,3.1,1,20,1,1,1
ST1500,16,44.4,20.2,39.1,10.6,25.0,0.0,5,21,4,0,1
ST1501,21,83.6,91.3,80.5,94.7,66.2,16.8,3,9,1,1,0
ST1502,23,34.3,42.6,38.8,54.2,51.6,6.8,4,23,2,0,1
ST1503,22,84.7,65.1,93.8,76.5,78.1,12.1,1,4,2,0,0
ST1504,18,80.8,82.0,83.8,69.9,81.5,12.0,0,13,4,0,0
ST1505,19,80.2,73.2,67.7,62.3,60.5,8.9,2,7,2,0,0
ST1506,20,79.4,81.7,73.1,69.3,76.8,11.2,1,9,5,1,0
ST1507,17,80.1,77.5,72.3,76.5,76.0,13.7,1,5,2,0,0
ST1508,18,88.6,88.8,81.2,94.2,72.8,16.4,1,6,5,1,0
ST1509,17,100.0,100.0,92.5,100.0,79.9,15.3,0,0,5,0,0
ST1510,23,100.0,100.0,92.6,100.0,82.6,21.2,0,0,3,1,0
ST1511,21,75.0,61.8,67.6,66.8,68.1,7.1,2,5,1,1,0
ST1512,22,68.8,73.1,76.4,72.5,71.4,14.7,0,9,4,0,0
ST1513,22,92.7,74.1,100.0,88.6,64.8,14.1,1,6,3,0,0
ST1514,23,88.1,65.7,84.8,86.3,49.3,16.7,1,2,2,0,0
ST1515,16,74.5,56.5,70.0,74.9,66.0,7.2,0,11,3,0,0
ST1516,23,70.9,70.0,68.4,78.6,59.5,11.7,1,15,2,0,0
ST1517,16,100.0,97.3,93.0,83.9,80.8,16.8,0,0,2,1,0
ST1518,19,64.3,50.0,62.5,44.8,64.5,3.9,3,15,5,0,1
ST1519,20,72.7,54.0,62.4,47.1,31.5,4.7,3,11,2,1,0
ST1520,18,62.3,70.4,68.5,78.2,60.6,9.0,4,14,3,0,0
ST1521,17,55.9,51.3,71.8,55.7,52.5,6.1,4,18,4,0,1
ST1522,17,52.9,53.1,56.4,51.5,54.8,5.1,2,22,2,1,1
ST1523,22,53.2,48.3,66.0,48.9,65.8,10.3,0,14,4,1,1
ST1524,18,58.9,69.9,62.1,56.1,44.8,7.4,1,11,5,1,1
ST1525,18,42.4,62.2,45.8,57.2,65.9,11.0,0,17,5,1,0
ST1526,23,64.7,52.2,72.2,60.5,72.1,10.6,4,15,1,0,1
ST1527,17,100.0,94.1,100.0,100.0,81.3,12.7,0,3,3,1,0
ST1528,23,60.9,71.4,71.8,55.6,56.7,10.4,3,12,1,0,1
ST1529,23,100.0,95.5,100.0,95.9,91.6,13.9,0,0,4,1,0
ST1530,20,92.4,90.5,91.3,76.7,82.9,17.5,0,1,2,1,0
ST1531,17,66.2,53.7,50.0,53.2,56.2,4.6,3,13,5,0,1
ST1532,17,65.2,48.3,70.4,67.0,62.4,8.2,3,12,1,1,1
ST1533,18,58.7,49.4,58.1,58.7,36.4,1.4,3,15,5,0,1
ST1534,20,85.4,66.3,79.9,76.1,82.7,13.6,0,4,2,0,0
ST1535,17,100.0,88.7,100.0,97.0,97.0,20.0,1,3,5,0,0
ST1536,19,82.8,85.2,75.7,73.9,73.4,10.7,0,7,1,0,0
ST1537,16,80.6,73.6,73.2,73.7,50.1,9.7,1,9,2,1,0
ST1538,20,79.9,68.6,95.6,71.5,65.6,13.0,0,8,2,0,0
ST1539,16,55.0,54.0,67.1,49.5,54.3,8.3,3,17,5,1,0
ST1540,21,88.1,78.8,83.9,78.2,60.5,6.3,1,6,4,0,0
ST1541,16,91.8,68.5,80.3,68.2,59.1,16.5,2,0,5,1,0
ST1542,17,93.4,95.4,99.4,86.2,66.3,18.0,0,3,3,1,0
ST1543,17,73.7,58.3,44.9,58.6,68.4,12.1,1,12,4,1,1
ST1544,22,89.3,74.0,73.1,87.2,69.8,11.6,1,7,4,0,0
ST1545,16,100.0,84.8,95.1,100.0,60.4,9.8,0,1,4,0,0
ST1546,19,82.4,63.7,80.8,61.1,75.2,15.1,1,3,5,0,0
ST1547,20,59.9,64.9,81.6,59.8,70.0,11.1,0,12,5,0,1
ST1548,20,87.5,90.3,97.2,66.9,77.5,14.8,2,3,3,0,0
ST1549,21,30.0,39.5,40.6,35.6,38.9,3.4,3,25,3,0,1
ST1550,22,93.0,65.2,73.9,80.0,60.6,13.2,0,2,4,1,0
ST1551,19,83.9,64.5,88.1,79.3,62.9,10.8,1,2,4,0,0
ST1552,22,100.0,100.0,100.0,100.0,91.4,24.0,0,0,5,1,0
ST1553,18,86.0,100.0,93.4,93.3,80.7,12.5,0,0,4,1,0
ST1554,23,68.8,73.3,79.2,67.7,73.3,19.9,0,2,5,1,0
ST1555,20,92.7,95.6,100.0,81.6,75.5,21.8,0,2,4,1,0
ST1556,21,52.8,48.9,31.8,44.0,44.0,10.7,1,23,5,1,1
ST1557,23,76.5,78.2,78.3,57.6,66.4,16.6,1,14,4,0,0
ST1558,22,55.6,37.3,56.2,33.0,77.5,5.9,5,13,5,0,1
ST1559,22,100.0,81.8,75.7,58.7,58.7,15.2,1,0,1,1,0
ST1560,20,84.8,69.8,89.8,76.8,61.3,11.5,2,1,5,0,0
ST1561,16,89.0,82.0,91.7,75.0,100.0,7.7,3,0,2,0,0
ST1562,19,85.5,66.6,81.0,75.5,72.6,16.5,1,1,4,0,0
ST1563,17,60.4,43.3,48.0,19.5,28.8,7.7,3,13,2,1,1
ST1564,23,100.0,100.0,100.0,97.4,100.0,22.3,0,0,3,0,0
ST1565,17,95.5,100.0,100.0,100.0,86.0,17.3,0,2,4,0,0
ST1566,17,86.1,85.1,89.0,52.8,85.6,12.7,0,7,3,1,0
ST1567,17,85.0,70.7,79.3,81.9,65.5,6.5,0,4,4,1,0
ST1568,21,56.8,52.6,67.9,38.1,53.5,11.7,3,15,1,1,1
ST1569,20,67.9,75.8,78.4,70.8,79.1,5.1,3,8,5,0,0
ST1570,23,78.7,86.6,73.6,69.1,79.6,14.6,0,3,3,1,0
ST1571,19,73.2,48.9,53.2,60.9,64.4,4.9,2,5,4,0,1
ST1572,18,66.2,58.3,44.7,83.2,58.4,3.1,2,14,2,1,0
ST1573,16,80.6,63.5,86.4,43.3,60.5,11.9,2,6,3,1,0
ST1574,16,66.3,45.4,65.7,57.9,61.2,6.7,4,6,3,0,1
ST1575,18,72.8,75.1,79.9,47.6,77.5,13.3,4,9,1,0,1
ST1576,23,89.9,69.1,76.5,83.5,77.3,10.7,0,0,3,0,0
ST1577,20,54.8,64.8,82.7,55.3,78.0,6.6,2,21,4,0,1
ST1578,23,56.3,65.0,67.9,68.7,75.8,4.3,2,14,5,1,0
ST1579,16,79.3,70.5,81.9,60.7,70.3,5.4,0,9,5,0,0
ST1580,16,54.4,48.2,61.7,50.4,50.1,10.8,3,19,2,1,1
ST1581,22,100.0,100.0,100.0,100.0,100.0,29.3,0,0,4,1,0
ST1582,16,100.0,91.4,100.0,100.0,74.1,18.7,0,0,1,0,0
ST1583,16,100.0,100.0,100.0,88.9,83.6,14.9,0,2,5,0,0
ST1584,19,75.6,78.4,100.0,62.8,75.5,12.7,0,9,5,0,0
ST1585,23,79.4,66.2,87.1,89.7,67.0,15.8,2,8,5,1,0
ST1586,21,100.0,98.1,100.0,97.6,92.8,17.2,0,0,3,0,0
ST1587,16,100.0,100.0,100.0,100.0,82.0,17.1,0,2,2,1,0
ST1588,22,100.0,100.0,100.0,99.6,88.6,15.8,0,0,4,0,0
ST1589,22,43.8,33.3,26.4,16.4,40.9,0.0,2,21,4,1,1
ST1590,22,42.1,28.3,56.4,34.1,44.6,2.3,2,23,2,0,1
ST1591,23,77.5,82.4,71.1,79.3,58.7,14.7,1,10,3,0,0
ST1592,17,91.6,86.7,100.0,92.9,92.8,10.7,0,4,4,0,0
ST1593,23,88.8,97.8,100.0,96.5,82.5,18.5,0,6,3,1,0
ST1594,18,100.0,100.0,86.5,100.0,93.8,19.2,0,2,2,0,0
ST1595,22,79.1,76.9,78.6,70.5,65.9,12.9,1,12,2,0,0
ST1596,20,100.0,90.7,100.0,88.3,76.6,20.6,0,0,3,1,0
ST1597,22,76.3,68.2,78.6,84.1,86.2,11.9,2,9,2,1,0
ST1598,21,84.9,83.4,100.0,98.4,100.0,22.0,0,8,2,0,0
ST1599,21,96.3,89.6,86.6,80.8,83.6,10.1,1,0,1,0,0
ST1600,20,69.0,69.8,62.9,61.6,64.7,9.9,3,7,2,0,1
ST1601,22,71.8,69.7,72.6,58.0,69.7,10.4,1,11,4,1,0
ST1602,21,69.7,53.4,72.4,47.0,63.0,15.9,3,10,2,0,1
ST1603,17,99.3,100.0,100.0,87.7,84.4,12.1,0,0,1,1,0
ST1604,22,69.7,73.5,77.8,70.6,59.8,7.9,1,12,5,0,0
ST1605,20,78.6,85.5,83.6,82.9,74.4,20.0,1,12,3,0,0
ST1606,18,62.0,59.0,70.4,65.0,61.9,6.8,0,8,3,0,0
ST1607,20,84.3,75.6,82.1,45.8,70.4,11.4,2,9,3,0,1
ST1608,23,97.2,100.0,88.9,100.0,93.9,19.2,0,0,3,1,0
ST1609,22,69.2,67.6,69.8,73.3,65.6,14.0,2,10,3,0,1
ST1610,22,77.4,67.7,74.5,58.5,70.7,15.1,1,13,4,0,0
ST1611,19,77.1,55.7,90.4,59.8,49.4,10.6,2,7,5,1,0
ST1612,22,80.1,70.2,88.3,67.3,63.7,16.6,1,7,5,0,0
ST1613,19,32.8,40.3,30.7,19.6,40.7,4.0,2,26,3,0,1
ST1614,21,66.2,64.9,31.4,61.4,42.1,5.2,2,7,2,1,1
ST1615,21,67.7,89.0,89.1,78.5,82.8,12.5,1,12,1,1,0
ST1616,17,67.3,62.0,65.6,53.1,46.8,5.1,2,12,3,1,0
ST1617,18,35.2,31.6,53.8,23.4,33.2,4.7,3,28,5,1,1
ST1618,16,32.3,53.7,32.6,20.1,54.4,2.0,4,20,2,0,1
ST1619,17,96.1,90.9,100.0,95.0,78.9,15.5,1,0,5,1,0
ST1620,19,93.0,84.5,100.0,100.0,78.9,17.7,0,0,4,1,0
ST1621,19,45.5,29.2,46.7,42.5,36.1,1.9,3,16,4,0,1
ST1622,17,100.0,100.0,96.0,77.0,92.0,19.1,0,3,3,1,0
ST1623,19,97.8,100.0,100.0,97.5,95.8,16.5,0,1,4,0,0
ST1624,20,95.6,100.0,96.2,80.5,82.9,17.7,1,0,1,0,0
ST1625,17,73.0,53.4,72.5,69.6,68.0,8.9,3,8,1,0,1
ST1626,18,73.6,84.6,90.4,79.1,70.2,14.4,1,8,1,1,0
ST1627,18,81.9,83.6,85.9,52.4,71.3,15.5,1,5,4,1,0
ST1628,20,75.3,88.8,76.3,88.6,68.5,17.3,1,5,3,0,0
ST1629,18,93.4,72.5,100.0,72.1,92.2,15.5,1,2,2,0,0
ST1630,21,90.6,99.7,89.7,73.5,88.7,11.0,1,2,1,1,0
ST1631,18,30.0,34.6,30.5,25.6,28.4,4.8,6,22,3,0,1
ST1632,19,67.8,65.4,72.8,68.4,64.3,10.4,1,12,2,0,0
ST1633,19,53.9,59.4,62.6,37.3,52.3,10.4,1,17,1,0,1
ST1634,17,100.0,77.0,87.9,85.9,62.4,16.3,1,0,1,1,0
ST1635,21,66.0,68.5,80.2,80.4,72.6,10.5,2,11,4,1,0
ST1636,17,77.9,79.7,90.3,83.4,73.4,12.5,2,14,4,0,0
ST1637,18,100.0,100.0,100.0,100.0,94.6,25.9,0,6,2,1,0
ST1638,22,100.0,100.0,81.5,86.4,71.0,17.3,1,0,3,1,0
ST1639,23,100.0,100.0,100.0,100.0,76.1,23.0,0,0,2,0,0
ST1640,21,100.0,100.0,100.0,95.9,95.4,21.6,0,0,3,1,0
ST1641,23,100.0,97.2,100.0,100.0,83.8,20.4,0,3,1,0,0
ST1642,22,33.2,42.0,37.4,42.8,39.8,7.3,3,22,5,0,1
ST1643,19,62.0,72.9,72.8,69.9,75.8,13.1,0,14,4,0,1
ST1644,22,52.2,42.5,48.8,28.0,49.2,5.1,3,23,5,1,1
ST1645,18,84.6,59.3,89.8,60.3,68.6,10.8,2,5,2,0,0
ST1646,19,60.0,65.2,58.8,62.2,55.0,12.1,3,16,5,0,0
ST1647,20,95.1,88.5,100.0,73.6,72.0,15.9,0,3,3,1,0
ST1648,23,78.8,79.9,65.8,66.9,61.9,11.2,3,6,1,1,1
ST1649,22,83.8,61.6,65.7,57.5,43.9,8.9,0,9,2,0,0
ST1650,19,83.2,74.6,87.2,73.6,82.0,15.0,0,3,5,0,0
ST1651,21,67.8,71.3,82.4,69.0,49.9,14.7,3,15,4,1,0
ST1652,17,84.2,68.9,53.9,38.0,70.2,13.1,4,4,4,1,0
ST1653,22,74.2,86.0,74.3,84.2,72.0,14.7,1,8,2,1,0
ST1654,20,100.0,100.0,81.8,100.0,95.4,17.7,1,0,4,1,0
ST1655,20,90.1,87.5,89.3,100.0,72.2,15.2,0,1,5,1,0
ST1656,22,77.4,69.5,70.5,72.2,59.3,11.1,1,7,1,0,0
ST1657,21,69.9,64.2,57.3,60.6,67.6,11.5,2,3,2,0,1
ST1658,16,83.6,75.2,85.7,77.4,92.0,18.1,0,5,1,1,0
ST1659,18,68.7,68.1,57.6,66.1,86.0,14.1,0,9,1,1,0
ST1660,17,70.2,72.4,59.7,65.8,60.5,6.1,1,13,5,0,0
ST1661,21,75.8,63.7,82.3,50.6,79.6,12.1,1,10,2,0,0
ST1662,16,48.9,32.0,54.9,47.2,43.1,4.8,4,16,1,1,1
ST1663,17,55.6,35.8,58.2,66.0,62.2,3.3,3,14,1,0,1
ST1664,20,100.0,100.0,89.4,89.2,71.7,20.5,0,0,5,0,0
ST1665,21,39.0,38.5,31.6,24.6,49.1,8.8,3,26,3,1,1
ST1666,20,94.2,77.7,79.8,66.2,49.7,15.2,1,0,4,0,0
ST1667,22,66.6,51.4,61.6,57.9,41.0,9.4,3,10,2,0,1
ST1668,23,100.0,62.4,92.1,67.3,72.2,14.0,0,0,4,0,0
ST1669,17,82.0,90.6,96.0,87.6,59.3,18.0,0,2,5,0,0
ST1670,23,100.0,100.0,100.0,98.2,98.0,22.3,0,1,4,1,0
ST1671,20,88.0,87.2,77.2,82.7,80.4,8.8,0,5,3,0,0
ST1672,21,100.0,100.0,100.0,97.7,84.3,25.0,0,4,2,0,0
ST1673,16,55.8,64.6,57.8,45.5,43.8,10.8,4,19,2,0,1
ST1674,20,47.1,45.1,49.1,37.5,41.5,3.6,5,26,3,0,1
ST1675,21,97.2,94.5,100.0,73.8,68.5,12.5,1,1,3,1,0
ST1676,20,65.1,71.0,55.3,84.7,62.7,12.2,2,11,1,0,0
ST1677,16,87.4,90.0,90.4,83.2,79.3,14.4,2,1,1,1,0
ST1678,20,90.1,86.7,100.0,88.6,73.4,15.8,0,6,3,0,0
ST1679,23,73.0,57.0,52.7,50.0,75.6,10.7,2,10,1,1,1
ST1680,21,73.3,87.2,73.2,61.7,60.6,10.5,2,11,3,0,0
ST1681,17,30.1,29.7,39.0,33.9,59.0,0.8,3,21,2,0,1
ST1682,23,69.4,78.5,83.3,89.9,63.3,15.3,2,12,2,0,1
ST1683,23,48.7,51.7,43.2,45.8,54.8,5.9,2,19,1,0,1
ST1684,17,64.4,71.6,81.8,59.6,79.7,12.0,1,13,3,0,1
ST1685,22,62.3,53.5,71.6,56.2,69.3,4.4,2,11,1,0,1
ST1686,19,75.3,81.3,91.3,83.5,69.6,13.3,0,12,4,0,0
ST1687,20,72.6,70.6,71.0,87.1,74.8,14.4,0,16,5,1,0
ST1688,19,73.1,60.5,81.6,74.3,74.2,14.3,1,6,5,1,0
ST1689,22,89.1,87.1,85.8,92.2,73.8,13.4,0,6,4,1,0
ST1690,23,78.0,52.6,66.7,64.0,65.5,5.5,3,0,5,0,0
ST1691,22,72.3,46.9,90.6,44.9,79.4,9.1,3,12,5,1,1
ST1692,23,67.5,62.0,69.9,49.3,64.9,11.0,3,6,4,1,0
ST1693,23,46.2,46.5,38.7,30.5,52.7,6.3,2,17,2,1,1
ST1694,16,48.0,48.5,54.1,29.7,55.1,3.9,1,14,3,0,1
ST1695,18,87.7,84.0,74.0,85.5,57.2,14.6,0,4,5,1,1
ST1696,21,76.5,50.4,62.1,64.4,67.8,14.8,5,11,4,1,1
ST1697,20,81.1,71.5,79.6,81.4,65.5,15.4,2,1,2,0,0
ST1698,16,77.9,87.4,75.2,45.2,61.2,7.0,0,7,1,1,0
ST1699,16,70.5,72.1,96.9,100.0,100.0,15.3,1,9,1,1,0
ST1700,20,50.7,46.9,56.0,31.0,42.5,10.8,4,22,2,1,1
ST1701,20,78.3,60.7,79.8,83.2,54.8,6.5,0,9,5,1,0
ST1702,17,79.4,76.3,72.6,59.6,83.7,13.1,2,4,3,1,0
ST1703,17,72.9,47.1,55.7,39.1,40.9,5.9,2,8,1,1,1
ST1704,17,100.0,100.0,100.0,87.7,93.5,22.1,0,5,5,1,0
ST1705,20,100.0,100.0,100.0,100.0,100.0,21.6,0,2,3,0,0
ST1706,16,63.4,53.5,62.3,43.6,57.3,11.8,3,10,2,1,1
ST1707,20,76.0,62.3,83.1,57.3,50.0,12.0,0,8,5,1,0
ST1708,19,72.5,69.3,71.6,51.7,70.5,14.7,0,9,2,1,0
ST1709,19,100.0,86.8,100.0,100.0,82.2,17.6,0,0,4,0,0
ST1710,21,86.0,77.0,97.9,78.0,85.3,11.1,0,0,5,0,0
ST1711,20,54.3,57.4,43.5,52.6,33.3,1.0,3,14,3,1,1
ST1712,21,63.1,67.4,76.5,48.7,68.0,2.8,3,17,4,1,1
ST1713,22,82.3,75.7,83.9,69.7,85.2,12.1,2,5,2,1,0
ST1714,23,79.6,78.6,72.2,65.2,64.8,20.1,2,7,5,0,0
ST1715,22,92.0,64.9,77.7,72.6,71.4,15.2,1,3,1,1,0
ST1716,20,100.0,98.8,100.0,100.0,100.0,23.6,1,7,2,1,0
ST1717,19,83.2,78.9,68.6,71.0,55.0,9.6,1,6,5,0,0
ST1718,17,82.7,52.9,67.4,63.9,59.1,7.5,3,9,3,0,1
ST1719,20,100.0,94.9,100.0,100.0,87.6,22.0,0,0,1,0,0
ST1720,17,70.2,80.1,100.0,73.6,74.6,21.0,1,10,3,1,0
ST1721,23,93.9,84.4,100.0,100.0,84.7,21.7,0,2,2,1,0
ST1722,22,100.0,80.9,94.4,86.9,82.3,18.8,2,0,3,1,0
ST1723,16,82.0,71.3,59.2,65.8,69.1,11.9,0,6,2,1,1
ST1724,22,100.0,100.0,100.0,100.0,90.6,22.0,0,3,2,0,0
ST1725,16,76.0,55.9,70.6,52.4,53.3,7.0,3,6,5,1,1
ST1726,21,68.8,52.3,68.7,72.6,56.1,4.3,2,11,1,0,0
ST1727,16,93.5,82.5,100.0,78.4,71.0,9.7,1,4,4,0,0
ST1728,19,100.0,100.0,100.0,100.0,97.9,23.3,0,0,1,0,0
ST1729,21,100.0,89.8,100.0,86.1,85.5,15.6,0,3,3,1,0
ST1730,21,59.0,54.2,48.1,71.7,30.8,2.0,2,15,4,1,1
ST1731,19,100.0,100.0,100.0,100.0,98.9,24.4,0,0,5,1,0
ST1732,23,81.5,75.9,85.0,69.1,69.8,12.6,0,0,2,1,0
ST1733,22,93.8,97.0,93.1,89.8,75.1,13.8,0,1,1,0,0
ST1734,17,78.9,64.6,73.1,53.4,74.7,7.3,3,9,4,1,0
ST1735,21,92.1,83.7,96.5,84.1,77.7,14.1,0,8,5,0,0
ST1736,21,78.0,66.2,63.1,55.5,64.3,8.3,1,9,3,1,1
ST1737,18,68.9,55.3,81.7,63.1,54.8,12.2,3,14,1,1,1
ST1738,21,39.7,30.0,45.8,49.1,42.1,0.0,4,17,3,1,1
ST1739,23,81.8,82.0,66.5,61.3,57.5,7.0,0,6,2,0,0
ST1740,22,84.2,70.5,75.1,52.2,60.9,10.3,1,9,3,1,0
ST1741,22,100.0,100.0,100.0,93.2,78.5,19.0,0,0,1,1,0
ST1742,21,41.2,49.7,64.5,43.2,48.3,7.9,3,23,2,0,1
ST1743,18,89.8,86.3,90.4,100.0,50.5,13.8,1,6,5,1,0
ST1744,22,100.0,89.8,100.0,91.3,63.4,11.8,0,1,1,1,0
ST1745,18,76.5,79.6,81.9,80.6,84.4,12.1,0,7,5,0,0
ST1746,20,89.9,100.0,92.7,96.7,99.0,17.7,0,1,3,0,0
ST1747,18,90.9,69.5,65.0,63.0,79.3,15.6,1,9,3,0,0
ST1748,18,66.7,65.9,74.5,38.4,69.7,6.7,0,14,5,1,0
ST1749,17,72.1,68.3,86.4,72.5,71.3,10.5,1,11,2,1,0
ST1750,23,100.0,100.0,100.0,100.0,85.3,26.6,0,0,5,1,0
ST1751,17,90.0,78.0,99.2,85.6,58.3,12.0,0,4,2,1,0
ST1752,16,59.8,59.4,75.8,54.0,70.2,10.3,5,15,2,1,1
ST1753,23,100.0,99.5,100.0,100.0,95.0,22.4,0,1,3,1,0
ST1754,20,100.0,98.1,91.4,92.6,100.0,19.0,0,2,4,0,0
ST1755,19,64.4,78.7,81.5,64.7,51.7,8.9,1,10,2,1,1
ST1756,21,74.4,64.1,80.6,49.9,85.9,11.4,1,5,4,0,1
ST1757,19,69.0,64.6,68.2,69.6,60.5,10.4,1,11,1,1,1
ST1758,17,53.9,35.1,40.6,34.5,56.7,1.9,2,11,4,0,1
ST1759,21,61.8,58.2,72.3,50.1,80.1,10.9,5,12,4,1,1
ST1760,17,51.6,69.9,48.1,37.8,47.5,15.1,1,15,3,1,1
ST1761,20,34.7,20.0,37.7,17.4,24.7,3.4,4,24,4,1,1
ST1762,23,87.5,73.1,75.6,88.2,59.6,13.9,2,10,4,0,0
ST1763,23,96.7,74.9,99.4,100.0,65.6,18.2,2,0,5,1,0
ST1764,18,74.0,58.5,67.6,64.9,69.3,7.5,3,16,2,1,1
ST1765,22,67.2,49.7,68.6,79.9,59.7,9.2,0,11,3,0,1
ST1766,20,94.6,88.0,83.6,80.1,76.0,17.2,0,3,3,1,0
ST1767,19,96.2,100.0,97.5,99.9,88.6,21.1,0,0,2,0,0
ST1768,17,32.0,25.2,55.1,21.5,15.2,0.0,5,27,5,0,1
ST1769,19,69.3,52.1,87.2,57.3,77.6,9.1,0,11,3,1,0
ST1770,21,100.0,94.2,98.9,77.9,74.4,21.8,0,0,3,1,0
ST1771,23,45.9,46.7,59.6,31.3,61.0,8.2,2,13,1,0,1
ST1772,16,84.5,85.1,91.4,86.0,76.4,18.0,1,6,3,1,0
ST1773,21,67.4,72.2,93.0,67.9,86.6,13.8,0,14,4,1,0
ST1774,22,66.9,56.3,61.0,50.9,59.0,10.2,3,11,3,1,1
ST1775,23,97.4,94.1,100.0,82.4,62.7,16.9,0,4,4,1,0
ST1776,19,52.9,68.7,51.5,61.6,63.7,13.2,2,20,1,1,1
ST1777,16,47.1,34.9,56.4,51.4,43.4,7.5,2,17,1,0,1
ST1778,18,66.2,58.8,91.3,81.7,50.1,6.8,4,17,2,0,1
ST1779,22,65.9,74.6,84.0,60.0,74.9,12.6,0,12,2,0,1
ST1780,23,94.7,72.4,69.7,75.1,71.1,17.0,2,2,5,1,0
ST1781,21,98.3,84.8,96.3,67.9,59.0,13.5,3,1,5,1,0
ST1782,16,96.0,64.5,78.4,83.4,78.9,11.7,1,2,3,1,0
ST1783,16,88.0,76.0,81.0,79.7,67.1,16.7,2,0,3,0,1
ST1784,19,61.9,61.0,69.3,47.0,50.7,11.2,0,13,2,1,1
ST1785,20,100.0,100.0,100.0,100.0,87.2,18.5,0,0,3,1,0
ST1786,16,77.6,62.9,62.1,49.7,69.5,8.8,3,13,4,1,0
ST1787,21,95.0,80.1,82.6,93.4,72.9,10.1,1,6,4,1,0
ST1788,20,62.7,73.0,72.6,69.2,63.6,7.6,0,16,5,0,0
ST1789,16,100.0,100.0,97.2,98.7,78.9,17.4,0,0,3,0,0
ST1790,16,58.0,51.3,45.0,18.7,54.5,6.1,0,12,2,1,1
ST1791,19,39.3,53.7,50.2,46.3,65.4,3.5,3,19,1,1,1
ST1792,21,65.0,60.7,66.4,73.4,61.7,5.5,0,18,4,1,0
ST1793,22,100.0,96.0,100.0,100.0,96.8,15.6,0,0,5,1,0
ST1794,19,68.8,46.6,51.6,34.9,63.1,9.6,3,4,3,1,1
ST1795,18,84.0,69.8,85.0,59.8,47.1,4.3,1,9,5,0,0
ST1796,23,100.0,100.0,81.1,88.1,80.8,16.2,0,5,2,1,0
ST1797,19,77.8,81.1,75.9,88.4,66.1,6.5,1,13,1,0,0
ST1798,18,74.9,58.2,67.7,64.9,54.9,11.6,2,12,4,0,1
ST1799,19,60.6,53.2,69.7,51.0,48.5,4.1,1,17,1,0,1
ST1800,16,66.1,71.1,80.6,67.2,44.9,11.3,2,12,1,1,0
ST1801,18,84.2,67.7,88.1,38.5,49.1,15.6,0,0,4,1,0
ST1802,20,63.8,31.2,47.9,30.0,44.5,10.4,1,13,3,1,1
ST1803,23,47.0,50.7,61.3,47.4,50.1,1.1,3,20,4,0,1
ST1804,21,100.0,100.0,100.0,100.0,99.4,25.8,0,0,4,1,0
ST1805,22,82.9,70.3,68.6,55.8,73.3,10.5,1,5,2,0,0
ST1806,20,84.0,86.4,100.0,70.4,65.5,9.2,0,3,4,0,0
ST1807,16,100.0,100.0,96.3,100.0,100.0,19.5,1,0,3,0,0
ST1808,19,85.3,61.9,84.2,52.9,64.9,15.3,1,11,3,1,0
ST1809,23,56.3,46.1,60.8,48.5,58.2,8.2,3,21,4,0,1
ST1810,16,100.0,93.0,100.0,91.2,85.4,14.7,0,0,2,0,0
ST1811,23,74.7,80.4,69.4,82.3,47.9,12.6,3,10,3,0,0
ST1812,21,100.0,86.0,100.0,84.7,79.8,9.4,0,0,3,1,0
ST1813,18,82.6,79.6,75.4,80.5,63.8,12.8,1,8,1,1,0
ST1814,22,70.8,59.7,55.7,52.2,46.1,2.9,4,15,2,0,1
ST1815,22,92.0,79.8,85.3,66.7,67.4,14.7,0,0,1,0,0
ST1816,16,76.1,70.1,65.9,59.7,65.7,9.3,0,10,1,0,0
ST1817,16,97.2,93.0,100.0,99.4,79.4,20.0,0,3,3,1,0
ST1818,21,37.1,34.7,54.7,33.2,42.1,3.1,3,24,5,0,1
ST1819,23,78.3,49.1,67.6,66.0,65.9,9.4,2,13,5,0,1
ST1820,16,83.9,67.4,91.7,78.2,80.5,14.4,1,12,4,0,0
ST1821,21,50.4,65.4,66.3,52.1,51.5,9.9,2,17,3,0,1
ST1822,17,100.0,97.5,96.6,97.9,87.9,17.5,0,2,2,0,0
ST1823,21,51.8,46.6,54.4,62.3,53.5,7.9,3,17,2,0,1
ST1824,20,96.5,74.0,85.6,67.4,89.6,15.9,0,0,4,0,0
ST1825,16,80.9,73.9,76.7,75.1,54.6,11.3,1,8,5,1,0
ST1826,21,88.7,83.9,93.8,77.6,64.9,14.0,0,6,5,0,0
ST1827,23,99.1,92.3,95.3,81.3,100.0,18.1,1,1,2,1,0
ST1828,22,57.4,36.8,49.6,38.4,55.3,5.6,0,12,3,0,1
ST1829,16,64.5,59.2,56.9,78.5,43.6,16.3,1,11,3,0,1
ST1830,17,64.5,60.8,71.8,50.1,52.5,5.0,3,11,1,0,1
ST1831,17,85.6,72.5,73.5,80.5,37.7,11.0,1,3,1,1,0
ST1832,19,56.8,63.8,71.1,54.2,63.5,6.8,0,16,1,1,0
ST1833,17,70.5,79.7,92.6,71.6,82.8,20.4,0,12,4,0,0
ST1834,22,45.3,29.0,27.3,39.9,26.8,0.5,2,22,2,1,1
ST1835,22,100.0,96.2,93.8,100.0,84.8,17.6,0,0,4,1,0
ST1836,22,51.8,45.9,72.6,48.0,60.5,5.2,3,15,2,0,1
ST1837,17,36.7,53.1,54.7,52.5,29.6,6.1,4,27,4,1,1
ST1838,16,87.2,81.2,90.4,82.5,65.4,14.8,0,4,1,0,0
ST1839,23,37.8,29.8,29.2,27.8,34.3,1.6,5,22,2,0,1
ST1840,18,68.5,56.1,58.1,44.9,45.8,0.0,2,11,2,1,1
ST1841,21,53.6,65.3,48.6,61.9,51.2,7.8,2,20,3,0,1
ST1842,23,92.4,71.3,91.3,62.5,53.7,11.9,0,6,3,0,0
ST1843,16,75.7,82.8,75.0,89.6,73.4,16.1,0,12,1,0,0
ST1844,16,75.6,84.8,93.6,71.7,69.3,16.9,0,9,4,1,0
ST1845,16,84.8,66.3,71.5,63.0,68.6,9.7,1,3,5,1,0
ST1846,17,54.7,44.4,43.9,51.0,50.6,8.1,3,22,1,0,1
ST1847,16,69.8,65.2,71.4,66.5,67.7,7.9,1,13,1,0,0
ST1848,22,93.0,86.8,70.4,84.0,64.9,18.4,3,1,5,0,0
ST1849,20,75.3,65.2,65.9,55.0,61.9,6.6,1,13,4,1,1
ST1850,23,74.6,58.6,63.8,61.9,51.5,4.3,2,7,5,1,0
ST1851,22,58.9,60.5,74.6,51.1,57.0,8.5,0,19,4,0,1
ST1852,23,64.2,49.0,47.2,53.8,69.1,12.8,2,17,4,1,1
ST1853,17,83.7,69.4,96.8,74.5,63.9,13.8,0,3,1,1,1
ST1854,18,85.8,100.0,100.0,97.2,95.9,20.7,1,7,3,0,0
ST1855,22,93.1,86.7,100.0,85.2,96.0,13.7,0,5,2,0,0
ST1856,17,100.0,95.3,100.0,100.0,99.2,22.5,0,8,5,0,0
ST1857,16,84.0,80.6,87.8,65.3,53.9,9.0,1,3,1,1,0
ST1858,21,90.4,77.4,69.0,69.6,45.1,13.1,0,8,1,1,0
ST1859,22,83.0,84.4,94.7,77.0,86.0,14.6,0,6,3,0,0
ST1860,23,100.0,100.0,100.0,100.0,100.0,27.3,0,0,5,0,0
ST1861,23,100.0,92.7,86.6,82.9,77.3,18.4,0,0,5,0,0
ST1862,16,52.6,48.9,46.9,43.3,65.2,4.7,3,17,3,0,1
ST1863,22,95.3,74.2,93.5,92.9,67.8,17.6,0,0,3,0,0
ST1864,22,70.7,64.4,64.9,62.8,58.3,15.6,1,11,2,0,0
ST1865,21,94.3,99.1,100.0,91.5,93.2,16.5,0,5,5,1,0
ST1866,22,43.5,58.6,33.4,56.5,35.6,0.0,4,20,1,1,1
ST1867,22,93.6,77.3,64.0,88.5,68.8,14.1,0,1,1,0,0
ST1868,19,71.4,47.7,88.0,75.2,75.9,9.7,2,10,3,1,0
ST1869,16,50.9,30.0,48.7,17.7,37.8,1.1,6,17,2,1,1
ST1870,19,46.1,64.9,40.4,38.6,60.5,6.8,3,20,3,1,1
ST1871,17,86.1,85.1,86.2,94.7,84.8,12.0,0,8,5,1,0
ST1872,16,100.0,78.3,100.0,83.1,76.4,13.9,0,1,2,1,0
ST1873,16,74.3,81.4,88.3,73.8,46.9,13.2,1,5,5,0,0
ST1874,21,51.7,54.0,68.6,66.7,48.7,14.1,1,15,2,1,0
ST1875,20,91.5,64.9,95.2,81.1,77.9,12.6,0,3,2,0,0
ST1876,20,77.7,75.5,78.6,71.4,56.5,10.1,1,11,1,1,1
ST1877,21,51.4,45.3,53.0,44.6,43.9,1.8,4,21,4,0,1
ST1878,20,74.8,58.4,80.9,79.8,73.3,12.9,0,14,5,0,1
ST1879,21,39.0,20.2,35.0,14.1,52.0,0.0,2,22,5,0,1
ST1880,16,67.8,69.1,72.7,68.3,60.4,6.9,2,14,1,0,1
ST1881,22,44.2,35.1,47.2,24.8,35.9,5.9,3,15,4,0,1
ST1882,19,75.6,69.1,74.5,53.8,62.4,12.4,2,10,1,1,0
ST1883,17,51.6,42.9,49.8,45.1,58.4,6.6,3,14,4,1,1
ST1884,22,84.7,90.3,100.0,88.9,76.4,16.1,0,5,4,0,0
ST1885,21,90.2,78.0,85.5,81.9,91.5,16.4,0,13,1,0,0
ST1886,16,56.9,74.6,66.7,56.0,52.8,11.7,2,16,1,0,0
ST1887,17,56.4,39.2,57.9,50.4,55.5,9.4,3,13,1,0,1
ST1888,16,78.3,62.7,83.0,56.9,72.3,4.0,1,9,4,1,0
ST1889,18,97.6,98.9,82.0,98.8,81.6,17.1,0,0,4,1,0
ST1890,16,100.0,100.0,100.0,100.0,96.3,19.7,1,0,1,0,0
ST1891,21,100.0,100.0,99.0,96.3,89.6,17.2,0,6,3,0,0
ST1892,20,100.0,100.0,100.0,100.0,100.0,20.1,0,3,4,1,0
ST1893,23,82.2,71.0,74.4,71.8,68.6,13.8,0,7,2,1,0
ST1894,21,70.7,44.7,61.2,27.9,56.4,7.2,3,9,4,0,1
ST1895,20,74.1,67.7,98.6,75.2,61.2,16.6,2,8,2,1,0
ST1896,20,100.0,100.0,100.0,100.0,92.7,25.6,0,5,2,0,0
ST1897,16,79.3,65.0,95.5,71.3,84.1,12.5,2,8,2,0,0
ST1898,16,84.2,78.8,84.1,72.3,77.3,12.1,0,0,2,1,0
ST1899,20,54.4,25.9,48.0,37.2,27.4,0.0,3,23,3,1,1
ST1900,16,100.0,100.0,100.0,100.0,90.4,17.6,0,1,2,0,0
ST1901,16,69.1,66.5,92.6,85.8,47.4,9.7,0,12,2,1,0
ST1902,17,51.4,43.1,42.2,16.6,37.8,5.0,5,20,4,0,1
ST1903,23,81.0,61.3,64.0,66.9,72.3,10.4,4,8,2,1,1
ST1904,19,65.9,72.4,62.7,86.2,58.7,11.6,2,14,4,0,0
ST1905,21,84.9,73.8,80.7,74.5,67.7,15.7,0,4,1,1,0
ST1906,19,65.8,74.8,70.4,53.1,30.2,10.4,1,8,1,1,0
ST1907,17,50.6,49.4,70.0,57.3,52.8,15.3,3,18,5,1,1
ST1908,18,93.8,87.8,100.0,72.5,83.1,16.3,0,6,3,1,0
ST1909,16,46.4,45.4,50.7,64.7,60.8,4.1,2,17,4,1,1
ST1910,22,100.0,94.0,97.7,86.0,97.8,16.5,1,0,4,0,0
ST1911,17,83.7,65.5,61.8,64.5,61.1,9.4,0,9,1,1,0
ST1912,19,57.6,60.3,93.5,57.2,63.7,13.0,0,13,5,0,0
ST1913,23,77.6,72.1,92.2,75.0,62.0,11.9,0,7,3,1,1
ST1914,20,69.1,59.7,83.4,84.0,66.1,11.2,1,10,5,0,0
ST1915,19,88.6,64.8,78.1,80.9,62.8,14.3,0,4,3,1,0
ST1916,20,94.0,83.1,99.3,83.7,62.7,15.5,0,0,3,0,0
ST1917,22,97.0,85.5,94.2,65.9,61.0,16.0,1,0,4,1,0
ST1918,18,100.0,80.2,98.4,70.9,100.0,18.9,2,1,1,0,0
ST1919,21,76.6,55.7,85.6,50.4,60.5,14.0,1,9,4,0,0
ST1920,22,100.0,100.0,100.0,93.5,86.5,16.2,0,3,5,0,0
ST1921,20,68.7,54.1,58.0,65.9,52.4,12.4,4,16,4,1,1
ST1922,19,91.5,95.5,90.2,86.8,64.8,13.2,0,8,1,0,0
ST1923,17,95.9,88.9,83.3,97.0,86.2,10.4,0,4,4,0,0
ST1924,17,79.2,87.5,100.0,75.0,52.9,11.2,0,7,1,0,0
ST1925,23,61.7,36.2,67.3,41.5,43.3,6.1,4,12,1,0,1
ST1926,20,82.7,65.6,74.6,52.9,62.8,14.1,2,6,2,1,1
ST1927,18,83.7,63.3,84.7,82.6,73.5,11.1,1,7,2,0,0
ST1928,19,67.4,82.0,62.2,83.5,53.0,8.3,0,14,1,0,0
ST1929,20,100.0,96.3,100.0,90.6,77.3,20.8,0,2,1,0,0
ST1930,20,53.0,60.6,71.9,66.1,59.8,13.9,2,16,4,0,1
ST1931,21,44.8,26.7,40.8,44.2,31.8,1.6,2,22,3,1,1
ST1932,18,74.6,57.4,83.4,51.8,57.6,9.8,1,13,1,0,1
ST1933,21,76.3,81.5,76.8,75.5,77.7,7.7,1,11,3,0,0
ST1934,19,74.5,82.1,68.7,73.9,47.0,7.8,1,9,4,1,1
ST1935,23,61.2,51.3,63.3,53.5,58.8,11.5,3,11,4,1,1
ST1936,17,100.0,96.7,100.0,100.0,97.7,21.3,0,0,2,0,0
ST1937,17,100.0,84.3,100.0,100.0,100.0,17.4,0,0,1,1,0
ST1938,19,74.8,66.2,82.1,85.3,63.6,14.8,0,10,5,1,0
ST1939,20,91.9,83.0,100.0,82.6,86.7,13.5,0,4,4,0,0
ST1940,21,55.8,42.5,53.9,39.4,47.7,10.4,3,11,5,1,1
ST1941,19,93.0,81.1,80.7,67.1,77.2,17.6,0,1,2,0,0
ST1942,23,100.0,100.0,100.0,100.0,78.6,20.9,0,1,1,0,0
ST1943,19,100.0,98.2,100.0,80.5,56.7,13.2,1,0,2,1,0
ST1944,17,100.0,100.0,100.0,100.0,100.0,30.0,0,1,2,1,0
ST1945,16,66.6,65.2,78.0,74.3,76.0,14.2,0,11,4,1,0
ST1946,23,83.0,81.1,83.0,69.1,75.9,11.9,1,4,4,0,0
ST1947,17,80.4,79.2,81.7,80.7,68.2,16.8,1,7,1,0,0
ST1948,23,55.2,58.4,74.1,75.9,69.3,9.3,3,17,3,1,1
ST1949,18,48.3,54.7,60.9,46.7,46.2,10.5,2,16,2,0,1
ST1950,16,79.5,63.6,96.6,67.7,75.0,10.8,2,6,4,1,0
ST1951,18,100.0,98.0,100.0,100.0,100.0,22.6,0,1,2,0,0
ST1952,20,55.5,52.7,67.1,60.0,78.3,5.7,2,13,3,0,1
ST1953,19,57.5,51.6,58.2,72.9,56.7,11.5,0,10,4,0,1
ST1954,22,60.7,70.5,72.0,66.2,56.5,10.5,2,9,2,1,1
ST1955,20,75.9,58.8,65.0,49.5,37.8,8.4,2,7,1,0,1
ST1956,19,94.8,100.0,87.2,74.8,100.0,16.8,0,0,4,1,0
ST1957,21,41.6,37.6,37.2,16.2,44.5,2.2,4,19,5,1,1
ST1958,23,91.6,91.1,93.9,69.9,86.4,13.7,0,8,3,0,0
ST1959,19,56.0,66.3,68.5,60.5,91.8,11.0,2,11,5,0,0
ST1960,17,100.0,100.0,100.0,87.9,95.2,24.1,0,0,1,1,0
ST1961,19,100.0,90.7,92.5,100.0,66.7,14.5,0,6,5,0,0
ST1962,22,63.2,57.4,59.0,43.1,44.6,6.8,2,14,5,0,1
ST1963,17,75.0,76.6,81.5,72.5,60.9,14.5,1,8,2,1,0
ST1964,23,68.7,54.7,36.8,45.6,51.9,8.2,1,10,1,0,1
ST1965,20,66.3,59.7,69.2,71.0,60.3,6.4,0,13,4,1,0
ST1966,20,63.9,77.2,89.5,64.3,63.0,8.6,0,18,5,0,0
ST1967,18,62.6,57.8,39.6,35.5,33.6,3.5,3,11,1,0,1
ST1968,23,92.7,77.6,87.6,86.5,88.8,6.6,1,0,4,1,0
ST1969,16,100.0,100.0,100.0,100.0,96.2,24.2,0,0,5,1,0
ST1970,18,88.2,70.6,86.5,81.2,76.8,16.7,0,4,1,0,0
ST1971,19,66.6,61.0,69.5,65.9,68.6,9.4,3,7,3,1,0
ST1972,19,77.6,65.3,61.0,62.7,67.6,3.6,1,6,1,1,0
ST1973,19,100.0,94.6,100.0,100.0,93.0,13.6,0,0,1,0,0
ST1974,17,87.5,100.0,91.9,76.9,85.7,15.3,1,8,3,0,0
ST1975,17,73.9,80.2,88.4,100.0,77.6,20.5,1,8,2,0,0
ST1976,16,85.6,75.7,100.0,70.8,80.5,11.5,2,6,1,1,0
ST1977,20,100.0,97.5,100.0,100.0,95.5,20.8,0,0,5,1,0
ST1978,18,78.5,66.1,80.8,78.2,78.6,13.4,2,8,2,0,0
ST1979,20,96.9,80.4,88.2,91.3,75.8,15.4,1,0,5,1,0
ST1980,20,67.1,65.9,71.2,63.6,74.0,12.2,5,10,1,1,1
ST1981,21,70.2,52.9,60.1,65.8,51.4,7.3,1,17,3,1,1
ST1982,20,88.5,69.3,63.1,63.8,74.3,10.6,0,7,4,1,0
ST1983,21,78.8,88.9,85.5,89.1,78.0,18.0,0,7,3,0,0
ST1984,20,60.9,77.9,59.7,86.7,59.3,11.5,1,23,3,0,1
ST1985,21,87.9,90.7,100.0,83.2,70.5,18.9,1,1,4,1,0
ST1986,20,100.0,90.0,100.0,91.6,80.2,15.1,1,3,1,0,0
ST1987,18,90.0,86.9,87.5,82.2,75.7,20.5,0,0,5,0,0
ST1988,17,83.2,76.5,83.6,77.8,60.8,15.7,0,5,4,1,0
ST1989,22,82.6,83.3,79.5,100.0,77.1,18.5,0,2,4,1,0
ST1990,18,90.9,63.0,69.1,56.3,68.7,11.7,1,4,3,1,0
ST1991,20,72.3,54.5,78.1,46.4,71.7,7.2,2,10,2,1,1
ST1992,17,100.0,92.4,100.0,100.0,96.3,19.1,0,0,3,1,0
ST1993,19,86.3,60.3,88.5,74.7,39.1,10.6,2,8,4,0,0
ST1994,20,87.1,78.6,84.2,95.6,78.1,15.9,2,3,5,0,0
ST1995,21,69.7,67.2,68.9,59.2,57.1,9.9,1,12,5,0,1
ST1996,20,76.8,85.6,70.4,72.8,73.2,7.6,0,11,1,1,0
ST1997,18,100.0,93.2,100.0,90.2,88.2,13.5,0,0,1,1,0
ST1998,23,100.0,97.9,100.0,95.5,83.6,12.5,0,0,5,1,0
ST1999,20,82.5,74.7,100.0,52.0,66.5,13.7,1,6,2,1,0
ST2000,22,55.3,50.1,74.0,57.2,53.4,3.9,2,18,3,1,1
ST2001,21,100.0,100.0,100.0,100.0,100.0,22.9,0,4,1,0,0
ST2002,20,62.7,70.4,65.1,63.4,62.9,10.9,0,12,1,1,1
ST2003,23,70.1,54.4,53.9,44.1,63.3,6.5,1,10,3,1,1
ST2004,17,74.8,71.9,80.9,63.6,80.5,14.0,2,6,4,1,0
ST2005,23,72.6,59.5,70.1,66.7,67.6,10.0,1,11,4,0,1
ST2006,22,100.0,75.6,100.0,70.6,58.2,7.0,0,0,5,1,0
ST2007,20,83.6,68.3,72.1,76.8,82.0,11.6,2,5,1,0,0
ST2008,21,100.0,96.3,100.0,100.0,85.7,20.6,0,0,2,0,0
ST2009,20,100.0,100.0,100.0,100.0,100.0,27.5,0,2,3,0,0
ST2010,18,60.5,57.8,62.3,37.5,44.1,12.8,3,12,3,0,1
ST2011,22,90.5,99.2,98.4,84.1,68.8,12.3,0,1,1,1,0
ST2012,17,82.2,72.6,77.2,82.0,96.1,13.0,2,8,3,0,0
ST2013,18,100.0,99.8,100.0,95.6,76.9,13.5,0,0,5,0,0
ST2014,20,100.0,89.6,100.0,81.7,100.0,22.9,0,0,1,1,0
ST2015,22,74.1,71.8,85.1,76.8,71.7,15.8,0,6,5,1,0
ST2016,19,86.5,79.4,98.3,83.0,73.6,16.3,1,8,3,1,0
ST2017,19,81.1,71.2,89.1,82.6,62.2,10.8,1,5,3,0,0
ST2018,16,75.9,59.0,82.2,58.5,47.4,14.1,3,7,4,0,0
ST2019,16,77.3,74.8,75.8,76.5,63.4,14.2,1,8,4,1,1
ST2020,16,71.4,65.2,63.4,52.6,52.7,14.4,1,8,4,0,1
ST2021,16,54.8,38.1,45.7,29.5,41.6,6.3,4,15,1,1,1
ST2022,22,91.4,81.1,96.5,96.3,93.1,15.8,0,3,2,0,0
ST2023,22,76.7,74.7,83.1,82.0,71.6,14.5,1,7,5,0,0
ST2024,22,66.3,59.3,55.9,39.9,35.8,9.4,4,10,1,1,1
ST2025,16,63.1,51.7,48.7,46.7,59.7,5.7,1,10,4,0,1
ST2026,16,94.8,100.0,92.8,83.2,87.8,17.3,0,0,3,1,0
ST2027,18,75.9,88.1,67.8,75.1,66.4,16.8,1,9,1,0,0
ST2028,20,54.5,44.3,52.6,52.5,57.2,10.9,3,17,1,1,0
ST2029,18,84.4,62.3,59.0,56.0,59.0,7.5,3,1,5,0,0
ST2030,19,57.2,69.5,62.9,63.9,52.4,10.3,0,17,1,0,1
ST2031,17,84.4,69.7,80.6,62.2,91.4,14.0,0,8,1,1,0
ST2032,21,72.5,86.6,71.3,71.5,73.2,15.2,1,13,1,1,1
ST2033,18,67.1,68.6,77.3,82.3,63.1,9.1,2,12,4,1,0
ST2034,16,79.3,78.3,91.4,75.6,67.1,18.8,0,9,5,1,0
ST2035,21,75.0,77.7,74.5,61.3,81.6,13.5,1,15,1,0,0
ST2036,23,71.8,83.6,73.2,66.7,61.1,13.2,2,9,4,1,0
ST2037,16,90.3,86.1,98.0,67.0,60.5,20.3,0,0,4,1,0
ST2038,19,63.6,60.4,62.0,49.7,53.1,8.3,1,8,2,1,1
ST2039,22,30.0,30.2,18.9,29.9,41.8,0.0,5,30,1,0,1
ST2040,21,100.0,100.0,100.0,100.0,100.0,16.2,0,5,3,1,0
ST2041,22,78.9,64.4,84.2,82.6,60.7,10.0,0,5,1,0,0
ST2042,19,99.3,87.4,100.0,83.5,93.7,11.0,0,0,1,0,0
ST2043,18,53.7,60.7,75.7,58.7,68.1,11.6,2,15,3,0,1
ST2044,21,79.9,74.4,59.9,75.9,64.4,13.1,2,11,5,1,1
ST2045,17,70.4,47.8,80.6,27.9,55.5,7.7,2,7,5,0,1
ST2046,17,47.6,36.3,60.2,48.5,55.2,6.4,2,12,4,0,1
ST2047,20,74.6,61.3,86.5,65.2,56.2,13.4,3,15,2,1,1
ST2048,21,56.6,43.0,62.6,62.7,52.2,3.5,2,16,2,0,1
ST2049,16,100.0,100.0,100.0,100.0,100.0,23.2,0,1,4,0,0
ST2050,20,66.7,49.9,51.1,29.4,27.2,6.9,1,11,1,1,1
ST2051,18,56.3,61.4,73.7,75.0,60.7,5.0,1,17,3,1,0
ST2052,20,81.0,56.8,61.3,47.5,49.6,9.2,3,2,4,0,1
ST2053,23,91.7,83.8,100.0,82.9,96.4,12.5,0,0,5,0,0
ST2054,16,100.0,84.9,81.0,87.4,59.3,15.4,0,0,1,0,0
ST2055,23,84.1,75.3,73.6,65.8,61.8,7.9,2,0,2,1,0
ST2056,19,69.3,75.7,99.0,86.0,62.9,16.4,3,10,2,0,0
ST2057,22,77.3,61.6,69.4,67.6,74.6,7.3,1,7,3,0,0
ST2058,19,57.5,52.9,57.2,51.7,52.3,2.2,1,14,1,0,1
ST2059,18,100.0,100.0,100.0,100.0,100.0,20.3,0,0,5,0,0
ST2060,22,62.5,54.0,65.7,62.6,61.7,6.4,2,10,5,1,1
ST2061,21,88.6,67.9,74.6,77.3,63.4,7.4,0,0,2,0,0
ST2062,17,82.3,74.5,82.1,87.9,73.5,14.5,1,7,3,1,0
ST2063,21,100.0,99.6,100.0,100.0,84.7,12.6,0,0,3,0,0
ST2064,22,78.8,62.9,65.6,62.2,70.4,6.6,3,3,1,0,1
ST2065,19,100.0,100.0,100.0,100.0,87.1,21.1,0,0,5,0,0
ST2066,23,72.9,49.3,77.5,55.8,49.9,11.5,4,9,4,0,1
ST2067,21,98.9,91.3,100.0,97.6,93.9,22.6,0,0,2,0,0
ST2068,18,67.6,68.4,78.5,85.9,80.7,15.1,0,5,3,1,0
ST2069,16,75.0,72.1,100.0,88.3,45.4,12.1,2,11,2,1,0
ST2070,21,51.4,44.8,67.7,47.3,66.7,0.0,1,13,2,1,1
ST2071,17,88.3,75.0,88.0,68.8,69.0,14.0,0,4,2,0,0
ST2072,22,99.3,86.8,85.9,97.9,57.0,19.5,1,0,1,0,0
ST2073,20,85.7,88.4,88.2,88.3,42.1,18.0,0,4,5,1,0
ST2074,19,68.0,49.3,73.2,49.3,33.4,7.7,3,15,4,1,1
ST2075,17,80.7,67.0,89.6,57.2,60.3,6.0,0,8,5,1,1
ST2076,21,87.1,75.2,100.0,80.2,72.7,12.2,0,8,1,1,0
ST2077,17,74.9,79.9,90.8,74.6,78.3,18.9,2,10,4,1,0
ST2078,19,100.0,100.0,95.4,92.8,83.9,14.8,0,1,3,1,0
ST2079,22,70.5,71.6,77.5,64.6,50.4,6.8,1,5,4,1,0
ST2080,23,100.0,100.0,98.4,100.0,88.1,22.7,0,0,5,1,0
ST2081,23,61.4,62.2,50.5,52.5,57.8,7.3,1,13,2,0,1
ST2082,23,67.7,67.6,78.4,76.4,68.7,7.9,2,15,1,0,1
ST2083,20,30.0,28.6,39.8,38.0,25.9,5.8,5,23,1,1,1
ST2084,17,100.0,100.0,100.0,100.0,93.3,18.3,0,1,3,1,0
ST2085,22,72.8,67.6,85.5,68.5,62.6,11.3,0,10,1,1,0
ST2086,22,73.2,37.5,57.4,43.5,33.3,0.5,4,13,1,1,1
ST2087,23,46.8,49.7,46.0,48.3,45.4,12.8,2,18,1,1,1
ST2088,21,79.2,86.6,89.6,70.9,89.6,15.1,1,10,2,0,0
ST2089,17,78.6,61.9,61.7,71.9,63.4,15.2,0,2,1,0,0
ST2090,20,91.7,73.4,62.7,71.6,60.3,14.7,0,0,3,0,0
ST2091,19,73.5,66.1,82.3,90.5,74.2,9.2,2,2,4,1,0
ST2092,22,95.7,68.1,86.5,96.1,100.0,13.6,3,4,2,1,0
ST2093,19,63.0,69.4,87.1,78.4,71.6,16.7,2,15,1,0,1
ST2094,18,100.0,99.6,100.0,100.0,100.0,23.6,0,3,3,0,0
ST2095,16,65.9,66.7,69.4,68.8,77.5,5.8,2,10,1,0,1
ST2096,22,52.8,72.4,74.1,52.3,55.0,11.6,0,15,4,1,0
ST2097,22,83.1,66.7,77.8,55.9,71.5,12.7,0,6,2,0,0
ST2098,16,86.9,92.6,87.5,90.8,76.5,16.2,0,9,3,1,0
ST2099,19,48.3,30.8,60.5,48.6,51.9,8.3,4,23,2,0,1
ST2100,19,66.6,60.6,67.5,41.6,56.0,6.3,3,14,2,0,0
ST2101,19,83.6,81.3,87.6,77.8,73.7,13.9,0,7,1,1,0
ST2102,23,86.6,73.7,100.0,72.5,63.7,10.9,1,9,3,1,0
ST2103,17,100.0,100.0,91.7,96.2,85.9,17.3,0,0,1,1,0
ST2104,18,100.0,98.6,100.0,83.5,88.2,16.4,0,0,4,0,0
ST2105,17,94.5,83.7,81.4,76.9,74.2,11.4,2,2,2,0,0
ST2106,17,66.2,47.6,68.3,63.9,30.3,11.2,3,9,3,0,1
ST2107,23,89.5,92.2,94.9,89.5,68.7,16.4,0,3,3,1,0
ST2108,23,69.2,60.3,72.4,52.3,42.3,14.5,0,7,4,0,0
ST2109,16,92.3,76.2,81.5,78.9,78.2,13.9,2,6,4,1,0
ST2110,21,74.8,53.8,68.0,63.7,70.1,9.2,1,10,3,0,0
ST2111,17,77.0,70.6,91.2,64.6,72.8,17.9,0,12,5,1,0
ST2112,17,59.3,61.3,80.9,46.4,47.1,6.3,1,9,2,0,0
ST2113,18,80.3,99.1,93.3,91.9,78.2,13.9,0,13,4,1,0
ST2114,17,100.0,100.0,99.0,95.3,84.8,21.2,0,0,2,1,0
ST2115,19,100.0,91.3,100.0,84.5,74.8,14.5,0,0,4,0,0
ST2116,23,81.6,71.6,100.0,78.6,83.6,16.5,0,5,3,1,0
ST2117,20,94.5,98.9,100.0,95.1,94.5,19.4,0,6,5,0,0
ST2118,21,59.7,48.6,84.8,41.0,72.7,14.0,2,15,2,1,0
ST2119,19,95.2,86.4,83.0,79.0,67.8,16.8,2,1,3,1,0
ST2120,16,36.0,34.2,35.6,34.5,47.7,5.2,4,20,1,0,1
ST2121,16,100.0,100.0,100.0,100.0,86.9,19.5,2,0,4,0,0
ST2122,18,81.6,67.5,81.6,88.4,72.3,8.5,1,10,1,0,0
ST2123,17,93.3,96.9,92.3,100.0,78.2,23.4,0,5,3,1,0
ST2124,22,74.2,80.7,78.6,93.7,72.4,9.6,0,13,1,0,0
ST2125,22,84.6,64.5,89.1,94.8,39.4,7.1,1,7,2,1,0
ST2126,22,100.0,100.0,100.0,100.0,97.2,24.2,0,0,3,1,0
ST2127,21,70.1,64.2,90.0,66.8,65.7,15.8,2,7,2,1,0
ST2128,20,44.1,42.7,62.7,44.5,36.8,4.0,2,21,2,1,1
ST2129,21,96.4,62.7,91.8,71.2,93.7,17.0,1,0,1,0,0
ST2130,19,73.5,77.4,72.1,67.2,51.6,4.8,0,8,4,1,0
ST2131,21,48.8,63.0,72.3,45.2,47.5,5.9,2,15,4,1,1
ST2132,22,85.8,76.0,91.2,77.2,60.3,7.1,1,8,3,0,0
ST2133,22,84.1,86.7,80.1,74.8,69.9,17.0,3,7,1,1,0
ST2134,20,100.0,100.0,100.0,100.0,100.0,17.6,0,2,1,0,1
ST2135,16,66.5,54.9,73.0,61.5,75.3,5.3,2,10,4,0,1
ST2136,21,59.9,75.5,76.3,70.9,61.9,14.1,0,15,5,1,0
ST2137,18,99.4,85.0,99.2,69.2,74.2,19.7,0,0,5,0,0
ST2138,21,93.2,67.4,91.9,52.8,53.5,11.0,0,2,3,1,0
ST2139,20,100.0,93.7,100.0,70.6,90.5,16.3,1,0,3,0,0
ST2140,23,100.0,91.6,100.0,72.1,87.7,16.0,0,0,1,1,0
ST2141,18,57.9,53.6,47.6,62.0,58.3,8.6,4,14,1,0,1
ST2142,23,100.0,90.8,100.0,96.8,71.4,14.7,0,7,4,1,0
ST2143,22,52.7,46.3,66.2,60.3,39.0,9.0,1,11,3,1,0
ST2144,18,100.0,100.0,90.1,100.0,89.4,20.1,0,0,3,1,0
ST2145,19,78.5,74.7,83.5,92.3,83.3,17.7,0,8,2,1,0
ST2146,20,37.6,38.0,34.7,40.0,18.4,4.3,5,27,2,1,1
ST2147,22,51.6,56.0,58.0,51.3,48.7,3.4,1,18,5,0,1
ST2148,21,84.3,70.7,96.1,79.2,84.4,13.6,0,8,5,1,0
ST2149,22,100.0,98.4,100.0,97.8,78.8,16.2,0,0,4,1,0
ST2150,18,90.0,79.8,82.2,83.5,91.8,12.9,1,2,2,0,0
ST2151,20,64.5,67.1,81.5,81.0,74.1,10.8,2,13,4,0,0
ST2152,19,74.5,63.1,84.3,45.0,55.5,9.8,3,7,2,1,0
ST2153,23,72.9,80.8,84.2,69.5,66.1,15.1,1,12,3,0,0
ST2154,18,86.4,67.6,86.1,67.0,67.0,7.9,1,0,1,1,0
ST2155,20,92.5,80.4,89.1,86.0,60.5,10.0,2,5,4,0,0
ST2156,16,100.0,97.8,100.0,100.0,77.5,17.5,0,0,1,1,0
ST2157,22,80.5,72.2,99.3,64.3,91.8,19.2,0,6,4,1,0
ST2158,19,36.9,46.3,47.5,66.0,44.4,11.0,3,17,4,1,1
ST2159,18,86.7,100.0,100.0,84.3,99.0,13.2,0,2,1,1,0
ST2160,20,94.2,79.1,95.0,62.5,65.9,16.9,1,6,3,1,0
ST2161,19,89.1,78.7,97.7,82.3,79.2,19.7,0,3,2,1,0
ST2162,22,69.2,71.3,87.9,64.9,72.6,8.0,1,12,3,0,0
ST2163,20,99.8,80.3,92.1,61.9,66.9,6.2,1,0,1,1,0
ST2164,20,62.8,73.7,56.8,51.6,53.6,5.1,4,13,4,1,1
ST2165,16,69.1,64.8,71.8,67.5,38.4,13.1,2,7,3,0,1
ST2166,16,99.0,93.1,83.7,100.0,91.2,22.7,0,1,2,0,0
ST2167,19,64.7,70.6,66.5,54.1,31.4,6.4,2,13,5,1,1
ST2168,23,94.0,72.1,88.1,82.8,76.3,20.7,0,3,4,1,0
ST2169,23,100.0,85.3,81.2,80.8,85.5,7.9,0,0,4,0,0
ST2170,21,76.2,82.7,89.3,82.6,70.5,9.5,4,7,1,0,0
ST2171,21,93.4,81.2,95.5,50.9,60.6,13.0,1,4,3,0,0
ST2172,19,72.5,43.0,65.2,42.4,42.6,11.4,3,9,4,1,1
ST2173,17,81.4,81.7,86.7,84.2,71.3,19.4,0,6,5,1,0
ST2174,16,95.9,96.2,95.8,72.1,78.7,17.6,1,7,4,0,0
ST2175,18,87.2,86.9,100.0,80.1,54.8,10.9,1,2,1,0,0
ST2176,18,65.5,72.5,77.7,78.4,75.8,17.1,1,15,4,0,0
ST2177,17,39.1,43.1,55.7,41.8,56.0,8.6,3,18,1,0,1
ST2178,18,57.5,54.4,75.2,58.2,56.1,4.2,3,17,2,1,1
ST2179,16,52.0,43.6,29.8,44.4,49.8,0.0,5,19,5,0,1
ST2180,20,38.2,40.5,37.5,25.9,38.7,4.9,4,20,5,1,1
ST2181,23,98.2,99.9,95.2,85.8,76.5,16.1,0,0,5,0,0
ST2182,21,94.3,77.0,80.9,67.6,45.7,7.8,2,0,2,0,0
ST2183,19,87.7,81.6,94.6,90.9,85.9,16.7,0,2,4,1,0
ST2184,19,91.8,75.9,95.8,66.2,68.4,16.6,0,4,4,1,1
ST2185,18,92.1,88.5,100.0,87.0,70.5,14.6,0,0,2,0,0
ST2186,17,90.4,80.0,95.1,84.3,88.1,12.1,0,4,5,1,0
ST2187,20,97.2,89.9,100.0,100.0,98.3,22.4,0,0,5,1,0
ST2188,20,66.2,75.0,99.8,78.7,69.6,15.7,0,11,1,0,0
ST2189,16,100.0,85.7,97.2,100.0,91.1,16.5,0,0,4,1,0
ST2190,19,56.7,47.1,81.3,43.1,40.3,7.3,2,15,3,1,1
ST2191,18,100.0,89.2,98.2,83.6,83.5,17.2,0,0,4,1,0
ST2192,17,30.0,23.9,46.1,5.0,28.0,0.0,5,21,3,0,1
ST2193,21,95.4,90.3,97.7,72.5,87.8,15.0,0,0,2,0,0
ST2194,20,76.2,75.4,81.6,81.6,61.0,7.7,1,6,1,1,0
ST2195,21,100.0,96.6,100.0,100.0,83.5,17.6,0,0,3,1,0
ST2196,21,42.0,33.3,41.0,25.6,55.8,0.8,3,24,5,1,1
ST2197,23,58.9,42.7,60.1,43.5,51.3,3.6,4,13,5,0,1
ST2198,22,75.5,62.8,84.0,63.3,51.6,15.6,0,2,2,1,0
ST2199,20,95.2,99.4,100.0,100.0,100.0,18.2,0,0,5,0,0
